time_s,mode,segment,robot_x,robot_y,robot_th_deg,n_obstacles,max_obs_speed,min_obstacle_dist,path_y,vx_cmd,vy_cmd,vy_rep,corrected_x,corrected_y,corrected_yaw_deg
0.302,item8_regress,PARKED,0.0,0.0,0.0,0,0.0,999.0,0.0,0.0,0.0,0.0,0.0,0.0,0.0
0.404,item8_regress,PARKED,0.0,0.0,0.0,2,0.0,3.746,0.0,0.0,0.0,0.0,0.0,0.0,0.0
0.504,item8_regress,PARKED,0.0,0.0,0.0,2,0.0,3.746,0.0,0.0,0.0,0.0,0.0,0.0,0.0
0.605,item8_regress,PARKED,0.0,0.0,0.0,2,0.0,3.697,0.0,0.0,0.0,0.0,0.0,0.0,0.0
0.703,item8_regress,PARKED,0.0,0.0,0.0,2,0.0,3.665,0.0,0.0,0.0,0.0,0.0,0.0,0.0
0.817,item8_regress,PARKED,0.0,0.0,0.0,2,0.0,3.633,0.0,0.0,0.0,0.0,0.0,0.0,0.0
0.903,item8_regress,PARKED,0.0,0.0,0.0,2,0.0,3.642,0.0,0.0,0.0,0.0,0.0,0.0,0.0
1.006,item8_regress,PARKED,0.0,0.0,0.0,2,0.0,3.668,0.0,0.0,0.0,0.0,0.0,0.0,0.0
1.104,item8_regress,PARKED,0.0,0.0,0.0,2,0.0,3.731,0.0,0.0,0.0,0.0,0.0,0.0,0.0
1.203,item8_regress,PARKED,0.0,0.0,0.0,2,0.0,3.731,0.0,0.0,0.0,0.0,0.0,0.0,0.0
1.303,item8_regress,PARKED,0.0,0.0,0.0,2,0.0,3.699,0.0,0.0,0.0,0.0,0.0,0.0,0.0
1.426,item8_regress,PARKED,0.0,0.0,0.0,2,0.0,3.699,0.0,0.0,0.0,0.0,0.0,0.0,0.0
1.515,item8_regress,PARKED,0.0,0.0,0.0,2,0.0,3.695,0.0,0.0,0.0,0.0,0.0,0.0,0.0
1.632,item8_regress,PARKED,0.0,0.0,0.0,2,0.0,3.695,0.0,0.0,0.0,0.0,0.0,0.0,0.0
1.703,item8_regress,PARKED,0.0,0.0,0.0,2,0.0,3.714,0.0,0.0,0.0,0.0,0.0,0.0,0.0
1.824,item8_regress,PARKED,0.0,0.0,0.0,2,0.0,3.686,0.0,0.0,0.0,0.0,0.0,0.0,0.0
1.903,item8_regress,PARKED,0.0,0.0,0.0,2,0.0,3.686,0.0,0.0,0.0,0.0,0.0,0.0,0.0
2.004,item8_regress,PARKED,0.0,0.0,0.0,2,0.0,3.686,0.0,0.0,0.0,0.0,0.0,0.0,0.0
2.103,item8_regress,PARKED,0.0,0.0,0.0,2,0.0,3.653,0.0,0.0,0.0,0.0,0.0,0.0,0.0
2.204,item8_regress,PARKED,0.0,0.0,0.0,2,0.0,3.644,0.0,0.0,0.0,0.0,0.0,0.0,0.0
2.304,item8_regress,PARKED,0.0,0.0,0.0,2,0.0,3.644,0.0,0.0,0.0,0.0,0.0,0.0,0.0
2.439,item8_regress,PARKED,0.0,0.0,0.0,2,0.0,3.745,0.0,0.0,0.0,0.0,0.0,0.0,0.0
2.503,item8_regress,PARKED,0.0,0.0,0.0,2,0.0,3.745,0.0,0.0,0.0,0.0,0.0,0.0,0.0
2.604,item8_regress,PARKED,0.0,0.0,0.0,2,0.0,3.715,0.0,0.0,0.0,0.0,0.0,0.0,0.0
2.703,item8_regress,PARKED,0.0,0.0,0.0,2,0.0,3.762,0.0,0.0,0.0,0.0,0.0,0.0,0.0
2.819,item8_regress,PARKED,0.0,0.0,0.0,2,0.0,3.66,0.0,0.0,0.0,0.0,0.0,0.0,0.0
2.903,item8_regress,PARKED,0.0,0.0,0.0,2,0.0,3.803,0.0,0.0,0.0,0.0,0.0,0.0,0.0
3.016,item8_regress,PARKED,0.0,0.0,0.0,2,0.0,3.782,0.0,0.0,0.0,0.0,0.0,0.0,0.0
3.148,item8_regress,PARKED,0.0,0.0,0.0,2,0.0,3.782,0.0,0.0,0.0,0.0,0.0,0.0,0.0
3.203,item8_regress,PARKED,0.0,0.0,0.0,2,0.0,3.782,0.0,0.0,0.0,0.0,0.0,0.0,0.0
3.305,item8_regress,PARKED,0.0,0.0,0.0,2,0.0,3.781,0.0,0.0,0.0,0.0,0.0,0.0,0.0
3.404,item8_regress,PARKED,0.0,0.0,0.0,2,0.0,3.781,0.0,0.0,0.0,0.0,0.0,0.0,0.0
3.505,item8_regress,PARKED,0.0,0.0,0.0,2,0.0,3.728,0.0,0.0,0.0,0.0,0.0,0.0,0.0
3.603,item8_regress,PARKED,0.0,0.0,0.0,2,0.0,3.728,0.0,0.0,0.0,0.0,0.0,0.0,0.0
3.704,item8_regress,PARKED,0.0,0.0,0.0,2,0.0,3.746,0.0,0.0,0.0,0.0,0.0,0.0,0.0
3.803,item8_regress,PARKED,0.0,0.0,0.0,2,0.0,3.702,0.0,0.0,0.0,0.0,0.0,0.0,0.0
3.915,item8_regress,PARKED,0.0,0.0,0.0,2,0.0,3.702,0.0,0.0,0.0,0.0,0.0,0.0,0.0
4.004,item8_regress,PARKED,0.0,0.0,0.0,2,0.0,3.702,0.0,0.0,0.0,0.0,0.0,0.0,0.0
4.104,item8_regress,PARKED,0.0,0.0,0.0,2,0.0,3.687,0.0,0.0,0.0,0.0,0.0,0.0,0.0
4.214,item8_regress,PARKED,0.0,0.0,0.0,2,0.0,3.657,0.0,0.0,0.0,0.0,0.0,0.0,0.0
4.32,item8_regress,PARKED,0.0,0.0,0.0,2,0.0,3.678,0.0,0.0,0.0,0.0,0.0,0.0,0.0
4.403,item8_regress,PARKED,0.0,0.0,0.0,2,0.0,3.678,0.0,0.0,0.0,0.0,0.0,0.0,0.0
4.503,item8_regress,PARKED,0.0,0.0,0.0,2,0.0,3.735,0.0,0.0,0.0,0.0,0.0,0.0,0.0
4.624,item8_regress,PARKED,0.0,0.0,0.0,2,0.0,3.738,0.0,0.0,0.0,0.0,0.0,0.0,0.0
4.704,item8_regress,PARKED,0.0,0.0,0.0,2,0.0,3.738,0.0,0.0,0.0,0.0,0.0,0.0,0.0
4.803,item8_regress,PARKED,0.0,0.0,0.0,2,0.0,3.692,0.0,0.0,0.0,0.0,0.0,0.0,0.0
4.904,item8_regress,PARKED,0.0,0.0,0.0,2,0.0,3.707,0.0,0.0,0.0,0.0,0.0,0.0,0.0
5.004,item8_regress,PARKED,0.0,0.0,0.0,2,0.0,3.752,0.0,0.0,0.0,0.0,0.0,0.0,0.0
5.104,item8_regress,PARKED,0.0,0.0,0.0,2,0.0,3.752,0.0,0.0,0.0,0.0,0.0,0.0,0.0
5.215,item8_regress,PARKED,0.0,0.0,0.0,2,0.0,3.691,0.0,0.0,0.0,0.0,0.0,0.0,0.0
5.304,item8_regress,PARKED,0.0,0.0,0.0,2,0.0,3.691,0.0,0.0,0.0,0.0,0.0,0.0,0.0
5.403,item8_regress,PARKED,0.0,0.0,0.0,2,0.0,3.724,0.0,0.0,0.0,0.0,0.0,0.0,0.0
5.538,item8_regress,PARKED,0.0,0.0,0.0,2,0.0,3.624,0.0,0.0,0.0,0.0,0.0,0.0,0.0
5.604,item8_regress,PARKED,0.0,0.0,0.0,2,0.0,3.624,0.0,0.0,0.0,0.0,0.0,0.0,0.0
5.704,item8_regress,PARKED,0.0,0.0,0.0,2,0.0,3.641,0.0,0.0,0.0,0.0,0.0,0.0,0.0
5.826,item8_regress,PARKED,0.0,0.0,0.0,2,0.0,3.712,0.0,0.0,0.0,0.0,0.0,0.0,0.0
5.904,item8_regress,PARKED,0.0,0.0,0.0,2,0.0,3.712,0.0,0.0,0.0,0.0,0.0,0.0,0.0
6.017,item8_regress,PARKED,0.0,0.0,0.0,2,0.0,3.698,0.0,0.0,0.0,0.0,0.0,0.0,0.0
6.104,item8_regress,PARKED,0.0,0.0,0.0,2,0.0,3.717,0.0,0.0,0.0,0.0,0.0,0.0,0.0
6.203,item8_regress,PARKED,0.0,0.0,0.0,2,0.0,3.717,0.0,0.0,0.0,0.0,0.0,0.0,0.0
6.339,item8_regress,PARKED,0.0,0.0,0.0,2,0.0,3.689,0.0,0.0,0.0,0.0,0.0,0.0,0.0
6.403,item8_regress,PARKED,0.0,0.0,0.0,2,0.0,3.689,0.0,0.0,0.0,0.0,0.0,0.0,0.0
6.503,item8_regress,PARKED,0.0,0.0,0.0,2,0.0,3.68,0.0,0.0,0.0,0.0,0.0,0.0,0.0
6.603,item8_regress,PARKED,0.0,0.0,0.0,2,0.0,3.68,0.0,0.0,0.0,0.0,0.0,0.0,0.0
6.704,item8_regress,PARKED,0.0,0.0,0.0,2,0.0,3.68,0.0,0.0,0.0,0.0,0.0,0.0,0.0
6.804,item8_regress,PARKED,0.0,0.0,0.0,2,0.0,3.709,0.0,0.0,0.0,0.0,0.0,0.0,0.0
6.93,item8_regress,PARKED,0.0,0.0,0.0,2,0.0,3.709,0.0,0.0,0.0,0.0,0.0,0.0,0.0
7.004,item8_regress,PARKED,0.0,0.0,0.0,2,0.0,3.709,0.0,0.0,0.0,0.0,0.0,0.0,0.0
7.103,item8_regress,PARKED,0.0,0.0,0.0,2,0.0,3.729,0.0,0.0,0.0,0.0,0.0,0.0,0.0
7.203,item8_regress,PARKED,0.0,0.0,0.0,2,0.0,3.697,0.0,0.0,0.0,0.0,0.0,0.0,0.0
7.315,item8_regress,PARKED,0.0,0.0,0.0,2,0.0,3.635,0.0,0.0,0.0,0.0,0.0,0.0,0.0
7.405,item8_regress,PARKED,0.0,0.0,0.0,2,0.0,3.635,0.0,0.0,0.0,0.0,0.0,0.0,0.0
7.503,item8_regress,PARKED,0.0,0.0,0.0,2,0.0,3.752,0.0,0.0,0.0,0.0,0.0,0.0,0.0
7.605,item8_regress,PARKED,0.0,0.0,0.0,2,0.0,3.752,0.0,0.0,0.0,0.0,0.0,0.0,0.0
7.703,item8_regress,PARKED,0.0,0.0,0.0,2,0.0,3.752,0.0,0.0,0.0,0.0,0.0,0.0,0.0
7.814,item8_regress,PARKED,0.0,0.0,0.0,2,0.0,3.642,0.0,0.0,0.0,0.0,0.0,0.0,0.0
7.932,item8_regress,PARKED,0.0,0.0,0.0,2,0.0,3.642,0.0,0.0,0.0,0.0,0.0,0.0,0.0
8.004,item8_regress,PARKED,0.0,0.0,0.0,2,0.0,3.642,0.0,0.0,0.0,0.0,0.0,0.0,0.0
8.102,item8_regress,PARKED,0.0,0.0,0.0,2,0.0,3.772,0.0,0.0,0.0,0.0,0.0,0.0,0.0
8.203,item8_regress,PARKED,0.0,0.0,0.0,2,0.0,3.772,0.0,0.0,0.0,0.0,0.0,0.0,0.0
8.303,item8_regress,PARKED,0.0,0.0,0.0,2,0.0,3.772,0.0,0.0,0.0,0.0,0.0,0.0,0.0
8.404,item8_regress,PARKED,0.0,0.0,0.0,2,0.0,3.763,0.0,0.0,0.0,0.0,0.0,0.0,0.0
8.537,item8_regress,PARKED,0.0,0.0,0.0,2,0.0,3.764,0.0,0.0,0.0,0.0,0.0,0.0,0.0
8.604,item8_regress,PARKED,0.0,0.0,0.0,2,0.0,3.764,0.0,0.0,0.0,0.0,0.0,0.0,0.0
8.704,item8_regress,PARKED,0.0,0.0,0.0,2,0.0,3.764,0.0,0.0,0.0,0.0,0.0,0.0,0.0
8.803,item8_regress,PARKED,0.0,0.0,0.0,2,0.0,3.764,0.0,0.0,0.0,0.0,0.0,0.0,0.0
8.903,item8_regress,PARKED,0.0,0.0,0.0,2,0.0,3.764,0.0,0.0,0.0,0.0,0.0,0.0,0.0
9.007,item8_regress,PARKED,0.0,0.0,0.0,2,0.0,3.648,0.0,0.0,0.0,0.0,0.0,0.0,0.0
9.104,item8_regress,PARKED,0.0,0.0,0.0,2,0.0,3.63,0.0,0.0,0.0,0.0,0.0,0.0,0.0
9.203,item8_regress,PARKED,0.0,0.0,0.0,2,0.0,3.635,0.0,0.0,0.0,0.0,0.0,0.0,0.0
9.347,item8_regress,PARKED,0.0,0.0,0.0,2,0.0,3.705,0.0,0.0,0.0,0.0,0.0,0.0,0.0
9.404,item8_regress,PARKED,0.0,0.0,0.0,2,0.0,3.705,0.0,0.0,0.0,0.0,0.0,0.0,0.0
9.512,item8_regress,PARKED,0.0,0.0,0.0,2,0.0,3.734,0.0,0.0,0.0,0.0,0.0,0.0,0.0
9.611,item8_regress,PARKED,0.0,0.0,0.0,2,0.0,3.734,0.0,0.0,0.0,0.0,0.0,0.0,0.0
9.703,item8_regress,PARKED,0.0,0.0,0.0,2,0.0,3.737,0.0,0.0,0.0,0.0,0.0,0.0,0.0
9.848,item8_regress,PARKED,0.0,0.0,0.0,2,0.0,3.757,0.0,0.0,0.0,0.0,0.0,0.0,0.0
9.903,item8_regress,PARKED,0.0,0.0,0.0,2,0.0,3.744,0.0,0.0,0.0,0.0,0.0,0.0,0.0
10.004,item8_regress,PARKED,0.0,0.0,0.0,2,0.0,3.744,0.0,0.0,0.0,0.0,0.0,0.0,0.0
10.103,item8_regress,PARKED,0.0,0.0,0.0,2,0.0,3.753,0.0,0.0,0.0,0.0,0.0,0.0,0.0
10.204,item8_regress,PARKED,0.0,0.0,0.0,2,0.0,3.717,0.0,0.0,0.0,0.0,0.0,0.0,0.0
10.316,item8_regress,PARKED,0.0,0.0,0.0,2,0.0,3.711,0.0,0.0,0.0,0.0,0.0,0.0,0.0
10.403,item8_regress,PARKED,0.0,0.0,0.0,2,0.0,3.711,0.0,0.0,0.0,0.0,0.0,0.0,0.0
10.51,item8_regress,PARKED,0.0,0.0,0.0,2,0.0,3.733,0.0,0.0,0.0,0.0,0.0,0.0,0.0
10.604,item8_regress,PARKED,0.0,0.0,0.0,2,0.0,3.665,0.0,0.0,0.0,0.0,0.0,0.0,0.0
10.736,item8_regress,PARKED,0.0,0.0,0.0,2,0.0,3.778,0.0,0.0,0.0,0.0,0.0,0.0,0.0
10.805,item8_regress,PARKED,0.0,0.0,0.0,2,0.0,3.778,0.0,0.0,0.0,0.0,0.0,0.0,0.0
10.903,item8_regress,PARKED,0.0,0.0,0.0,2,0.0,3.753,0.0,0.0,0.0,0.0,0.0,0.0,0.0
11.009,item8_regress,PARKED,0.0,0.0,0.0,2,0.0,3.673,0.0,0.0,0.0,0.0,0.0,0.0,0.0
11.103,item8_regress,PARKED,0.0,0.0,0.0,2,0.0,3.673,0.0,0.0,0.0,0.0,0.0,0.0,0.0
11.204,item8_regress,PARKED,0.0,0.0,0.0,2,0.0,3.673,0.0,0.0,0.0,0.0,0.0,0.0,0.0
11.304,item8_regress,PARKED,0.0,0.0,0.0,2,0.0,3.673,0.0,0.0,0.0,0.0,0.0,0.0,0.0
11.403,item8_regress,PARKED,0.0,0.0,0.0,2,0.0,3.652,0.0,0.0,0.0,0.0,0.0,0.0,0.0
11.503,item8_regress,PARKED,0.0,0.0,0.0,2,0.0,3.647,0.0,0.0,0.0,0.0,0.0,0.0,0.0
11.61,item8_regress,PARKED,0.0,0.0,0.0,2,0.0,3.711,0.0,0.0,0.0,0.0,0.0,0.0,0.0
11.742,item8_regress,PARKED,0.0,0.0,0.0,2,0.0,3.715,0.0,0.0,0.0,0.0,0.0,0.0,0.0
11.803,item8_regress,PARKED,0.0,0.0,0.0,2,0.0,3.715,0.0,0.0,0.0,0.0,0.0,0.0,0.0
11.903,item8_regress,PARKED,0.0,0.0,0.0,2,0.0,3.715,0.0,0.0,0.0,0.0,0.0,0.0,0.0
12.004,item8_regress,PARKED,0.0,0.0,0.0,2,0.0,3.715,0.0,0.0,0.0,0.0,0.0,0.0,0.0
12.124,item8_regress,PARKED,0.0,0.0,0.0,2,0.0,3.71,0.0,0.0,0.0,0.0,0.0,0.0,0.0
12.214,item8_regress,PARKED,0.0,0.0,0.0,2,0.0,3.726,0.0,0.0,0.0,0.0,0.0,0.0,0.0
12.351,item8_regress,PARKED,0.0,0.0,0.0,2,0.0,3.731,0.0,0.0,0.0,0.0,0.0,0.0,0.0
12.405,item8_regress,PARKED,0.0,0.0,0.0,2,0.0,3.731,0.0,0.0,0.0,0.0,0.0,0.0,0.0
12.503,item8_regress,PARKED,0.0,0.0,0.0,2,0.0,3.676,0.0,0.0,0.0,0.0,0.0,0.0,0.0
12.604,item8_regress,PARKED,0.0,0.0,0.0,2,0.0,3.707,0.0,0.0,0.0,0.0,0.0,0.0,0.0
12.704,item8_regress,PARKED,0.0,0.0,0.0,2,0.0,3.666,0.0,0.0,0.0,0.0,0.0,0.0,0.0
12.803,item8_regress,PARKED,0.0,0.0,0.0,2,0.0,3.666,0.0,0.0,0.0,0.0,0.0,0.0,0.0
12.903,item8_regress,PARKED,0.0,0.0,0.0,2,0.0,3.747,0.0,0.0,0.0,0.0,0.0,0.0,0.0
13.051,item8_regress,PARKED,0.0,0.0,0.0,2,0.0,3.763,0.0,0.0,0.0,0.0,0.0,0.0,0.0
13.124,item8_regress,PARKED,0.0,0.0,0.0,2,0.0,3.736,0.0,0.0,0.0,0.0,0.0,0.0,0.0
13.222,item8_regress,PARKED,0.0,0.0,0.0,2,0.0,3.736,0.0,0.0,0.0,0.0,0.0,0.0,0.0
13.303,item8_regress,PARKED,0.0,0.0,0.0,2,0.0,3.736,0.0,0.0,0.0,0.0,0.0,0.0,0.0
13.423,item8_regress,PARKED,0.0,0.0,0.0,2,0.0,3.757,0.0,0.0,0.0,0.0,0.0,0.0,0.0
13.505,item8_regress,PARKED,0.0,0.0,0.0,2,0.0,3.756,0.0,0.0,0.0,0.0,0.0,0.0,0.0
13.604,item8_regress,PARKED,0.0,0.0,0.0,2,0.0,3.697,0.0,0.0,0.0,0.0,0.0,0.0,0.0
13.704,item8_regress,PARKED,0.0,0.0,0.0,2,0.0,3.697,0.0,0.0,0.0,0.0,0.0,0.0,0.0
13.811,item8_regress,PARKED,0.0,0.0,0.0,2,0.0,3.767,0.0,0.0,0.0,0.0,0.0,0.0,0.0
13.903,item8_regress,PARKED,0.0,0.0,0.0,2,0.0,3.728,0.0,0.0,0.0,0.0,0.0,0.0,0.0
14.003,item8_regress,PARKED,0.0,0.0,0.0,2,0.0,3.728,0.0,0.0,0.0,0.0,0.0,0.0,0.0
14.103,item8_regress,PARKED,0.0,0.0,0.0,2,0.0,3.728,0.0,0.0,0.0,0.0,0.0,0.0,0.0
14.203,item8_regress,PARKED,0.0,0.0,0.0,2,0.0,3.728,0.0,0.0,0.0,0.0,0.0,0.0,0.0
14.303,item8_regress,PARKED,0.0,0.0,0.0,2,0.0,3.728,0.0,0.0,0.0,0.0,0.0,0.0,0.0
14.404,item8_regress,PARKED,0.0,0.0,0.0,2,0.0,3.64,0.0,0.0,0.0,0.0,0.0,0.0,0.0
14.503,item8_regress,PARKED,0.0,0.0,0.0,2,0.0,3.668,0.0,0.0,0.0,0.0,0.0,0.0,0.0
14.645,item8_regress,PARKED,0.0,0.0,0.0,2,0.0,3.782,0.0,0.0,0.0,0.0,0.0,0.0,0.0
14.703,item8_regress,PARKED,0.0,0.0,0.0,2,0.0,3.782,0.0,0.0,0.0,0.0,0.0,0.0,0.0
14.804,item8_regress,PARKED,0.0,0.0,0.0,2,0.0,3.782,0.0,0.0,0.0,0.0,0.0,0.0,0.0
14.904,item8_regress,PARKED,0.0,0.0,0.0,2,0.0,3.73,0.0,0.0,0.0,0.0,0.0,0.0,0.0
15.003,item8_regress,PARKED,0.0,0.0,0.0,2,0.0,3.712,0.0,0.0,0.0,0.0,0.0,0.0,0.0
15.103,item8_regress,PARKED,0.0,0.0,0.0,2,0.0,3.712,0.0,0.0,0.0,0.0,0.0,0.0,0.0
15.203,item8_regress,PARKED,0.0,0.0,0.0,2,0.0,3.709,0.0,0.0,0.0,0.0,0.0,0.0,0.0
15.303,item8_regress,PARKED,0.0,0.0,0.0,2,0.0,3.709,0.0,0.0,0.0,0.0,0.0,0.0,0.0
15.403,item8_regress,PARKED,0.0,0.0,0.0,2,0.0,3.693,0.0,0.0,0.0,0.0,0.0,0.0,0.0
15.522,item8_regress,PARKED,0.0,0.0,0.0,2,0.0,3.727,0.0,0.0,0.0,0.0,0.0,0.0,0.0
15.604,item8_regress,PARKED,0.0,0.0,0.0,2,0.0,3.727,0.0,0.0,0.0,0.0,0.0,0.0,0.0
15.732,item8_regress,PARKED,0.0,0.0,0.0,2,0.0,3.777,0.0,0.0,0.0,0.0,0.0,0.0,0.0
15.836,item8_regress,PARKED,0.0,0.0,0.0,2,0.0,3.777,0.0,0.0,0.0,0.0,0.0,0.0,0.0
15.904,item8_regress,PARKED,0.0,0.0,0.0,2,0.0,3.676,0.0,0.0,0.0,0.0,0.0,0.0,0.0
16.004,item8_regress,PARKED,0.0,0.0,0.0,2,0.0,3.677,0.0,0.0,0.0,0.0,0.0,0.0,0.0
16.12,item8_regress,PARKED,0.0,0.0,0.0,2,0.0,3.677,0.0,0.0,0.0,0.0,0.0,0.0,0.0
16.204,item8_regress,PARKED,0.0,0.0,0.0,2,0.0,3.677,0.0,0.0,0.0,0.0,0.0,0.0,0.0
16.332,item8_regress,PARKED,0.0,0.0,0.0,2,0.0,3.658,0.0,0.0,0.0,0.0,0.0,0.0,0.0
16.403,item8_regress,PARKED,0.0,0.0,0.0,2,0.0,3.648,0.0,0.0,0.0,0.0,0.0,0.0,0.0
16.52,item8_regress,PARKED,0.0,0.0,0.0,2,0.0,3.648,0.0,0.0,0.0,0.0,0.0,0.0,0.0
16.603,item8_regress,PARKED,0.0,0.0,0.0,2,0.0,3.67,0.0,0.0,0.0,0.0,0.0,0.0,0.0
16.703,item8_regress,PARKED,0.0,0.0,0.0,2,0.0,3.675,0.0,0.0,0.0,0.0,0.0,0.0,0.0
16.815,item8_regress,PARKED,0.0,0.0,0.0,2,0.0,3.642,0.0,0.0,0.0,0.0,0.0,0.0,0.0
16.904,item8_regress,PARKED,0.0,0.0,0.0,2,0.0,3.695,0.0,0.0,0.0,0.0,0.0,0.0,0.0
17.004,item8_regress,PARKED,0.0,0.0,0.0,2,0.0,3.757,0.0,0.0,0.0,0.0,0.0,0.0,0.0
17.117,item8_regress,PARKED,0.0,0.0,0.0,2,0.0,3.691,0.0,0.0,0.0,0.0,0.0,0.0,0.0
17.203,item8_regress,PARKED,0.0,0.0,0.0,2,0.0,3.691,0.0,0.0,0.0,0.0,0.0,0.0,0.0
17.306,item8_regress,PARKED,0.0,0.0,0.0,2,0.0,3.669,0.0,0.0,0.0,0.0,0.0,0.0,0.0
17.403,item8_regress,PARKED,0.0,0.0,0.0,2,0.0,3.675,0.0,0.0,0.0,0.0,0.0,0.0,0.0
17.503,item8_regress,PARKED,0.0,0.0,0.0,2,0.0,3.675,0.0,0.0,0.0,0.0,0.0,0.0,0.0
17.603,item8_regress,PARKED,0.0,0.0,0.0,2,0.0,3.626,0.0,0.0,0.0,0.0,0.0,0.0,0.0
17.751,item8_regress,PARKED,0.0,0.0,0.0,2,0.0,3.72,0.0,0.0,0.0,0.0,0.0,0.0,0.0
17.805,item8_regress,PARKED,0.0,0.0,0.0,2,0.0,3.715,0.0,0.0,0.0,0.0,0.0,0.0,0.0
17.922,item8_regress,PARKED,0.0,0.0,0.0,2,0.0,3.715,0.0,0.0,0.0,0.0,0.0,0.0,0.0
18.025,item8_regress,PARKED,0.0,0.0,0.0,2,0.0,3.777,0.0,0.0,0.0,0.0,0.0,0.0,0.0
18.103,item8_regress,PARKED,0.0,0.0,0.0,2,0.0,3.738,0.0,0.0,0.0,0.0,0.0,0.0,0.0
18.204,item8_regress,PARKED,0.0,0.0,0.0,2,0.0,3.738,0.0,0.0,0.0,0.0,0.0,0.0,0.0
18.304,item8_regress,PARKED,0.0,0.0,0.0,2,0.0,3.738,0.0,0.0,0.0,0.0,0.0,0.0,0.0
18.441,item8_regress,PARKED,0.0,0.0,0.0,2,0.0,3.751,0.0,0.0,0.0,0.0,0.0,0.0,0.0
18.537,item8_regress,PARKED,0.0,0.0,0.0,2,0.0,3.751,0.0,0.0,0.0,0.0,0.0,0.0,0.0
18.603,item8_regress,PARKED,0.0,0.0,0.0,2,0.0,3.644,0.0,0.0,0.0,0.0,0.0,0.0,0.0
18.736,item8_regress,PARKED,0.0,0.0,0.0,2,0.0,3.642,0.0,0.0,0.0,0.0,0.0,0.0,0.0
18.838,item8_regress,PARKED,0.0,0.0,0.0,2,0.0,3.642,0.0,0.0,0.0,0.0,0.0,0.0,0.0
18.905,item8_regress,PARKED,0.0,0.0,0.0,2,0.0,3.67,0.0,0.0,0.0,0.0,0.0,0.0,0.0
19.046,item8_regress,PARKED,0.0,0.0,0.0,2,0.0,3.677,0.0,0.0,0.0,0.0,0.0,0.0,0.0
19.111,item8_regress,PARKED,0.0,0.0,0.0,2,0.0,3.731,0.0,0.0,0.0,0.0,0.0,0.0,0.0
19.203,item8_regress,PARKED,0.0,0.0,0.0,2,0.0,3.746,0.0,0.0,0.0,0.0,0.0,0.0,0.0
19.303,item8_regress,PARKED,0.0,0.0,0.0,2,0.0,3.746,0.0,0.0,0.0,0.0,0.0,0.0,0.0
19.403,item8_regress,PARKED,0.0,0.0,0.0,2,0.0,3.746,0.0,0.0,0.0,0.0,0.0,0.0,0.0
19.504,item8_regress,PARKED,0.0,0.0,0.0,2,0.0,3.701,0.0,0.0,0.0,0.0,0.0,0.0,0.0
19.642,item8_regress,PARKED,0.0,0.0,0.0,2,0.0,3.766,0.0,0.0,0.0,0.0,0.0,0.0,0.0
19.703,item8_regress,PARKED,0.0,0.0,0.0,2,0.0,3.766,0.0,0.0,0.0,0.0,0.0,0.0,0.0
19.803,item8_regress,PARKED,0.0,0.0,0.0,2,0.0,3.766,0.0,0.0,0.0,0.0,0.0,0.0,0.0
19.942,item8_regress,PARKED,0.0,0.0,0.0,2,0.0,3.688,0.0,0.0,0.0,0.0,0.0,0.0,0.0
20.004,item8_regress,PARKED,0.0,0.0,0.0,2,0.0,3.688,0.0,0.0,0.0,0.0,0.0,0.0,0.0
20.104,item8_regress,PARKED,0.0,0.0,0.0,2,0.0,3.708,0.0,0.0,0.0,0.0,0.0,0.0,0.0
20.203,item8_regress,PARKED,0.0,0.0,0.0,2,0.0,3.708,0.0,0.0,0.0,0.0,0.0,0.0,0.0
20.316,item8_regress,PARKED,0.0,0.0,0.0,2,0.0,3.679,0.0,0.0,0.0,0.0,0.0,0.0,0.0
20.407,item8_regress,PARKED,0.0,0.0,0.0,2,0.0,3.679,0.0,0.0,0.0,0.0,0.0,0.0,0.0
20.505,item8_regress,PARKED,0.0,0.0,0.0,2,0.0,3.686,0.0,0.0,0.0,0.0,0.0,0.0,0.0
20.604,item8_regress,PARKED,0.0,0.0,0.0,2,0.0,3.686,0.0,0.0,0.0,0.0,0.0,0.0,0.0
20.722,item8_regress,PARKED,0.0,0.0,0.0,2,0.0,3.681,0.0,0.0,0.0,0.0,0.0,0.0,0.0
20.839,item8_regress,PARKED,0.0,0.0,0.0,2,0.0,3.681,0.0,0.0,0.0,0.0,0.0,0.0,0.0
20.905,item8_regress,PARKED,0.0,0.0,0.0,2,0.0,3.788,0.0,0.0,0.0,0.0,0.0,0.0,0.0
21.003,item8_regress,PARKED,0.0,0.0,0.0,2,0.0,3.788,0.0,0.0,0.0,0.0,0.0,0.0,0.0
21.104,item8_regress,PARKED,0.0,0.0,0.0,2,0.0,3.685,0.0,0.0,0.0,0.0,0.0,0.0,0.0
21.252,item8_regress,PARKED,0.0,0.0,0.0,2,0.0,3.728,0.0,0.0,0.0,0.0,0.0,0.0,0.0
21.32,item8_regress,PARKED,0.0,0.0,0.0,2,0.0,3.677,0.0,0.0,0.0,0.0,0.0,0.0,0.0
21.403,item8_regress,PARKED,0.0,0.0,0.0,2,0.0,3.677,0.0,0.0,0.0,0.0,0.0,0.0,0.0
21.503,item8_regress,PARKED,0.0,0.0,0.0,2,0.0,3.677,0.0,0.0,0.0,0.0,0.0,0.0,0.0
21.637,item8_regress,PARKED,0.0,0.0,0.0,2,0.0,3.68,0.0,0.0,0.0,0.0,0.0,0.0,0.0
21.704,item8_regress,PARKED,0.0,0.0,0.0,2,0.0,3.68,0.0,0.0,0.0,0.0,0.0,0.0,0.0
21.825,item8_regress,PARKED,0.0,0.0,0.0,2,0.0,3.733,0.0,0.0,0.0,0.0,0.0,0.0,0.0
21.904,item8_regress,PARKED,0.0,0.0,0.0,2,0.0,3.733,0.0,0.0,0.0,0.0,0.0,0.0,0.0
22.024,item8_regress,PARKED,0.0,0.0,0.0,2,0.0,3.678,0.0,0.0,0.0,0.0,0.0,0.0,0.0
22.129,item8_regress,PARKED,0.0,0.0,0.0,2,0.0,3.754,0.0,0.0,0.0,0.0,0.0,0.0,0.0
22.203,item8_regress,PARKED,0.0,0.0,0.0,2,0.0,3.72,0.0,0.0,0.0,0.0,0.0,0.0,0.0
22.336,item8_regress,PARKED,0.0,0.0,0.0,2,0.0,3.703,0.0,0.0,0.0,0.0,0.0,0.0,0.0
22.404,item8_regress,PARKED,0.0,0.0,0.0,2,0.0,3.703,0.0,0.0,0.0,0.0,0.0,0.0,0.0
22.504,item8_regress,PARKED,0.0,0.0,0.0,2,0.0,3.703,0.0,0.0,0.0,0.0,0.0,0.0,0.0
22.604,item8_regress,PARKED,0.0,0.0,0.0,2,0.0,3.703,0.0,0.0,0.0,0.0,0.0,0.0,0.0
22.746,item8_regress,PARKED,0.0,0.0,0.0,2,0.0,3.715,0.0,0.0,0.0,0.0,0.0,0.0,0.0
22.819,item8_regress,PARKED,0.0,0.0,0.0,2,0.0,3.715,0.0,0.0,0.0,0.0,0.0,0.0,0.0
22.94,item8_regress,PARKED,0.0,0.0,0.0,2,0.0,3.726,0.0,0.0,0.0,0.0,0.0,0.0,0.0
23.003,item8_regress,PARKED,0.0,0.0,0.0,2,0.0,3.693,0.0,0.0,0.0,0.0,0.0,0.0,0.0
23.103,item8_regress,PARKED,0.0,0.0,0.0,2,0.0,3.693,0.0,0.0,0.0,0.0,0.0,0.0,0.0
23.243,item8_regress,PARKED,0.0,0.0,0.0,2,0.0,3.696,0.0,0.0,0.0,0.0,0.0,0.0,0.0
23.303,item8_regress,PARKED,0.0,0.0,0.0,2,0.0,3.696,0.0,0.0,0.0,0.0,0.0,0.0,0.0
23.403,item8_regress,PARKED,0.0,0.0,0.0,2,0.0,3.696,0.0,0.0,0.0,0.0,0.0,0.0,0.0
23.503,item8_regress,PARKED,0.0,0.0,0.0,2,0.0,3.65,0.0,0.0,0.0,0.0,0.0,0.0,0.0
23.635,item8_regress,PARKED,0.0,0.0,0.0,2,0.0,3.662,0.0,0.0,0.0,0.0,0.0,0.0,0.0
23.705,item8_regress,PARKED,0.0,0.0,0.0,2,0.0,3.662,0.0,0.0,0.0,0.0,0.0,0.0,0.0
23.851,item8_regress,PARKED,0.0,0.0,0.0,2,0.0,3.696,0.0,0.0,0.0,0.0,0.0,0.0,0.0
23.935,item8_regress,PARKED,0.0,0.0,0.0,2,0.0,3.675,0.0,0.0,0.0,0.0,0.0,0.0,0.0
24.003,item8_regress,PARKED,0.0,0.0,0.0,2,0.0,3.675,0.0,0.0,0.0,0.0,0.0,0.0,0.0
24.104,item8_regress,PARKED,0.0,0.0,0.0,2,0.0,3.67,0.0,0.0,0.0,0.0,0.0,0.0,0.0
24.204,item8_regress,PARKED,0.0,0.0,0.0,2,0.0,3.704,0.0,0.0,0.0,0.0,0.0,0.0,0.0
24.304,item8_regress,PARKED,0.0,0.0,0.0,2,0.0,3.704,0.0,0.0,0.0,0.0,0.0,0.0,0.0
24.403,item8_regress,PARKED,0.0,0.0,0.0,2,0.0,3.763,0.0,0.0,0.0,0.0,0.0,0.0,0.0
24.508,item8_regress,PARKED,0.0,0.0,0.0,2,0.0,3.763,0.0,0.0,0.0,0.0,0.0,0.0,0.0
24.603,item8_regress,PARKED,0.0,0.0,0.0,2,0.0,3.763,0.0,0.0,0.0,0.0,0.0,0.0,0.0
24.703,item8_regress,PARKED,0.0,0.0,0.0,2,0.0,3.763,0.0,0.0,0.0,0.0,0.0,0.0,0.0
24.803,item8_regress,PARKED,0.0,0.0,0.0,2,0.0,3.761,0.0,0.0,0.0,0.0,0.0,0.0,0.0
24.903,item8_regress,PARKED,0.0,0.0,0.0,2,0.0,3.761,0.0,0.0,0.0,0.0,0.0,0.0,0.0
25.038,item8_regress,PARKED,0.0,0.0,0.0,2,0.0,3.766,0.0,0.0,0.0,0.0,0.0,0.0,0.0
25.103,item8_regress,PARKED,0.0,0.0,0.0,2,0.0,3.766,0.0,0.0,0.0,0.0,0.0,0.0,0.0
25.204,item8_regress,PARKED,0.0,0.0,0.0,2,0.0,3.695,0.0,0.0,0.0,0.0,0.0,0.0,0.0
25.334,item8_regress,PARKED,0.0,0.0,0.0,2,0.0,3.678,0.0,0.0,0.0,0.0,0.0,0.0,0.0
25.403,item8_regress,PARKED,0.0,0.0,0.0,2,0.0,3.711,0.0,0.0,0.0,0.0,0.0,0.0,0.0
25.504,item8_regress,PARKED,0.0,0.0,0.0,2,0.0,3.669,0.0,0.0,0.0,0.0,0.0,0.0,0.0
25.604,item8_regress,PARKED,0.0,0.0,0.0,2,0.0,3.669,0.0,0.0,0.0,0.0,0.0,0.0,0.0
25.704,item8_regress,PARKED,0.0,0.0,0.0,2,0.0,3.669,0.0,0.0,0.0,0.0,0.0,0.0,0.0
25.803,item8_regress,PARKED,0.0,0.0,0.0,2,0.0,3.669,0.0,0.0,0.0,0.0,0.0,0.0,0.0
25.903,item8_regress,PARKED,0.0,0.0,0.0,2,0.0,3.755,0.0,0.0,0.0,0.0,0.0,0.0,0.0
26.035,item8_regress,PARKED,0.0,0.0,0.0,2,0.0,3.72,0.0,0.0,0.0,0.0,0.0,0.0,0.0
26.104,item8_regress,PARKED,0.0,0.0,0.0,2,0.0,3.72,0.0,0.0,0.0,0.0,0.0,0.0,0.0
26.203,item8_regress,PARKED,0.0,0.0,0.0,2,0.0,3.652,0.0,0.0,0.0,0.0,0.0,0.0,0.0
26.305,item8_regress,PARKED,0.0,0.0,0.0,2,0.0,3.652,0.0,0.0,0.0,0.0,0.0,0.0,0.0
26.403,item8_regress,PARKED,0.0,0.0,0.0,2,0.0,3.792,0.0,0.0,0.0,0.0,0.0,0.0,0.0
26.504,item8_regress,PARKED,0.0,0.0,0.0,2,0.0,3.829,0.0,0.0,0.0,0.0,0.0,0.0,0.0
26.603,item8_regress,PARKED,0.0,0.0,0.0,2,0.0,3.829,0.0,0.0,0.0,0.0,0.0,0.0,0.0
26.704,item8_regress,PARKED,0.0,0.0,0.0,2,0.0,3.77,0.0,0.0,0.0,0.0,0.0,0.0,0.0
26.804,item8_regress,PARKED,0.0,0.0,0.0,2,0.0,3.77,0.0,0.0,0.0,0.0,0.0,0.0,0.0
26.903,item8_regress,PARKED,0.0,0.0,0.0,2,0.0,3.77,0.0,0.0,0.0,0.0,0.0,0.0,0.0
27.037,item8_regress,PARKED,0.0,0.0,0.0,2,0.0,3.75,0.0,0.0,0.0,0.0,0.0,0.0,0.0
27.143,item8_regress,PARKED,0.0,0.0,0.0,2,0.0,3.75,0.0,0.0,0.0,0.0,0.0,0.0,0.0
27.211,item8_regress,PARKED,0.0,0.0,0.0,2,0.0,3.728,0.0,0.0,0.0,0.0,0.0,0.0,0.0
27.333,item8_regress,PARKED,0.0,0.0,0.0,2,0.0,3.653,0.0,0.0,0.0,0.0,0.0,0.0,0.0
27.403,item8_regress,PARKED,0.0,0.0,0.0,2,0.0,3.653,0.0,0.0,0.0,0.0,0.0,0.0,0.0
27.504,item8_regress,PARKED,0.0,0.0,0.0,2,0.0,3.711,0.0,0.0,0.0,0.0,0.0,0.0,0.0
27.606,item8_regress,PARKED,0.0,0.0,0.0,2,0.0,3.718,0.0,0.0,0.0,0.0,0.0,0.0,0.0
27.703,item8_regress,PARKED,0.0,0.0,0.0,2,0.0,3.718,0.0,0.0,0.0,0.0,0.0,0.0,0.0
27.804,item8_regress,PARKED,0.0,0.0,0.0,2,0.0,3.718,0.0,0.0,0.0,0.0,0.0,0.0,0.0
27.903,item8_regress,PARKED,0.0,0.0,0.0,2,0.0,3.718,0.0,0.0,0.0,0.0,0.0,0.0,0.0
28.003,item8_regress,PARKED,0.0,0.0,0.0,2,0.0,3.627,0.0,0.0,0.0,0.0,0.0,0.0,0.0
28.103,item8_regress,PARKED,0.0,0.0,0.0,2,0.0,3.627,0.0,0.0,0.0,0.0,0.0,0.0,0.0
28.203,item8_regress,PARKED,0.0,0.0,0.0,2,0.0,3.654,0.0,0.0,0.0,0.0,0.0,0.0,0.0
28.303,item8_regress,PARKED,0.0,0.0,0.0,2,0.0,3.654,0.0,0.0,0.0,0.0,0.0,0.0,0.0
28.403,item8_regress,PARKED,0.0,0.0,0.0,2,0.0,3.654,0.0,0.0,0.0,0.0,0.0,0.0,0.0
28.503,item8_regress,PARKED,0.0,0.0,0.0,2,0.0,3.669,0.0,0.0,0.0,0.0,0.0,0.0,0.0
28.603,item8_regress,PARKED,0.0,0.0,0.0,2,0.0,3.669,0.0,0.0,0.0,0.0,0.0,0.0,0.0
28.703,item8_regress,PARKED,0.0,0.0,0.0,2,0.0,3.71,0.0,0.0,0.0,0.0,0.0,0.0,0.0
28.832,item8_regress,PARKED,0.0,0.0,0.0,2,0.0,3.713,0.0,0.0,0.0,0.0,0.0,0.0,0.0
28.903,item8_regress,PARKED,0.0,0.0,0.0,2,0.0,3.713,0.0,0.0,0.0,0.0,0.0,0.0,0.0
29.004,item8_regress,PARKED,0.0,0.0,0.0,2,0.0,3.713,0.0,0.0,0.0,0.0,0.0,0.0,0.0
29.104,item8_regress,PARKED,0.0,0.0,0.0,2,0.0,3.78,0.0,0.0,0.0,0.0,0.0,0.0,0.0
29.226,item8_regress,PARKED,0.0,0.0,0.0,2,0.0,3.81,0.0,0.0,0.0,0.0,0.0,0.0,0.0
29.303,item8_regress,PARKED,0.0,0.0,0.0,2,0.0,3.81,0.0,0.0,0.0,0.0,0.0,0.0,0.0
29.435,item8_regress,PARKED,0.0,0.0,0.0,2,0.0,3.756,0.0,0.0,0.0,0.0,0.0,0.0,0.0
29.504,item8_regress,PARKED,0.0,0.0,0.0,2,0.0,3.756,0.0,0.0,0.0,0.0,0.0,0.0,0.0
29.623,item8_regress,PARKED,0.0,0.0,0.0,2,0.0,3.748,0.0,0.0,0.0,0.0,0.0,0.0,0.0
29.703,item8_regress,PARKED,0.0,0.0,0.0,2,0.0,3.692,0.0,0.0,0.0,0.0,0.0,0.0,0.0
29.803,item8_regress,PARKED,0.0,0.0,0.0,2,0.0,3.741,0.0,0.0,0.0,0.0,0.0,0.0,0.0
29.904,item8_regress,PARKED,0.0,0.0,0.0,2,0.0,3.741,0.0,0.0,0.0,0.0,0.0,0.0,0.0
30.004,item8_regress,PARKED,0.0,0.0,0.0,2,0.0,3.664,0.0,0.0,0.0,0.0,0.0,0.0,0.0
30.132,item8_regress,PARKED,0.0,0.0,0.0,2,0.0,3.788,0.0,0.0,0.0,0.0,0.0,0.0,0.0
30.205,item8_regress,PARKED,0.0,0.0,0.0,2,0.0,3.788,0.0,0.0,0.0,0.0,0.0,0.0,0.0
30.304,item8_regress,PARKED,0.0,0.0,0.0,2,0.0,3.788,0.0,0.0,0.0,0.0,0.0,0.0,0.0
30.403,item8_regress,PARKED,0.0,0.0,0.0,2,0.0,3.788,0.0,0.0,0.0,0.0,0.0,0.0,0.0
30.503,item8_regress,PARKED,0.0,0.0,0.0,2,0.0,3.788,0.0,0.0,0.0,0.0,0.0,0.0,0.0
30.626,item8_regress,PARKED,0.0,0.0,0.0,2,0.0,3.692,0.0,0.0,0.0,0.0,0.0,0.0,0.0
30.703,item8_regress,PARKED,0.0,0.0,0.0,2,0.0,3.692,0.0,0.0,0.0,0.0,0.0,0.0,0.0
30.803,item8_regress,PARKED,0.0,0.0,0.0,2,0.0,3.719,0.0,0.0,0.0,0.0,0.0,0.0,0.0
30.929,item8_regress,PARKED,0.0,0.0,0.0,2,0.0,3.678,0.0,0.0,0.0,0.0,0.0,0.0,0.0
31.003,item8_regress,PARKED,0.0,0.0,0.0,2,0.0,3.667,0.0,0.0,0.0,0.0,0.0,0.0,0.0
31.103,item8_regress,PARKED,0.0,0.0,0.0,2,0.0,3.667,0.0,0.0,0.0,0.0,0.0,0.0,0.0
31.203,item8_regress,PARKED,0.0,0.0,0.0,2,0.0,3.713,0.0,0.0,0.0,0.0,0.0,0.0,0.0
31.303,item8_regress,PARKED,0.0,0.0,0.0,2,0.0,3.713,0.0,0.0,0.0,0.0,0.0,0.0,0.0
31.403,item8_regress,PARKED,0.0,0.0,0.0,2,0.0,3.713,0.0,0.0,0.0,0.0,0.0,0.0,0.0
31.503,item8_regress,PARKED,0.0,0.0,0.0,2,0.0,3.72,0.0,0.0,0.0,0.0,0.0,0.0,0.0
31.617,item8_regress,PARKED,0.0,0.0,0.0,2,0.0,3.728,0.0,0.0,0.0,0.0,0.0,0.0,0.0
31.703,item8_regress,PARKED,0.0,0.0,0.0,2,0.0,3.728,0.0,0.0,0.0,0.0,0.0,0.0,0.0
31.808,item8_regress,PARKED,0.0,0.0,0.0,2,0.0,3.704,0.0,0.0,0.0,0.0,0.0,0.0,0.0
31.905,item8_regress,PARKED,0.0,0.0,0.0,2,0.0,3.722,0.0,0.0,0.0,0.0,0.0,0.0,0.0
32.007,item8_regress,PARKED,0.0,0.0,0.0,2,0.0,3.726,0.0,0.0,0.0,0.0,0.0,0.0,0.0
32.103,item8_regress,PARKED,0.0,0.0,0.0,2,0.0,3.698,0.0,0.0,0.0,0.0,0.0,0.0,0.0
32.235,item8_regress,PARKED,0.0,0.0,0.0,2,0.0,3.751,0.0,0.0,0.0,0.0,0.0,0.0,0.0
32.304,item8_regress,PARKED,0.0,0.0,0.0,2,0.0,3.751,0.0,0.0,0.0,0.0,0.0,0.0,0.0
32.404,item8_regress,PARKED,0.0,0.0,0.0,2,0.0,3.751,0.0,0.0,0.0,0.0,0.0,0.0,0.0
32.52,item8_regress,PARKED,0.0,0.0,0.0,2,0.0,3.734,0.0,0.0,0.0,0.0,0.0,0.0,0.0
32.603,item8_regress,PARKED,0.0,0.0,0.0,2,0.0,3.672,0.0,0.0,0.0,0.0,0.0,0.0,0.0
32.749,item8_regress,PARKED,0.0,0.0,0.0,2,0.0,3.725,0.0,0.0,0.0,0.0,0.0,0.0,0.0
32.804,item8_regress,PARKED,0.0,0.0,0.0,2,0.0,3.725,0.0,0.0,0.0,0.0,0.0,0.0,0.0
32.942,item8_regress,PARKED,0.0,0.0,0.0,2,0.0,3.772,0.0,0.0,0.0,0.0,0.0,0.0,0.0
33.006,item8_regress,PARKED,0.0,0.0,0.0,2,0.0,3.727,0.0,0.0,0.0,0.0,0.0,0.0,0.0
33.103,item8_regress,PARKED,0.0,0.0,0.0,2,0.0,3.727,0.0,0.0,0.0,0.0,0.0,0.0,0.0
33.203,item8_regress,PARKED,0.0,0.0,0.0,2,0.0,3.727,0.0,0.0,0.0,0.0,0.0,0.0,0.0
33.303,item8_regress,PARKED,0.0,0.0,0.0,2,0.0,3.675,0.0,0.0,0.0,0.0,0.0,0.0,0.0
33.403,item8_regress,PARKED,0.0,0.0,0.0,2,0.0,3.675,0.0,0.0,0.0,0.0,0.0,0.0,0.0
33.504,item8_regress,PARKED,0.0,0.0,0.0,2,0.0,3.636,0.0,0.0,0.0,0.0,0.0,0.0,0.0
33.603,item8_regress,PARKED,0.0,0.0,0.0,2,0.0,3.655,0.0,0.0,0.0,0.0,0.0,0.0,0.0
33.703,item8_regress,PARKED,0.0,0.0,0.0,2,0.0,3.676,0.0,0.0,0.0,0.0,0.0,0.0,0.0
33.836,item8_regress,PARKED,0.0,0.0,0.0,2,0.0,3.686,0.0,0.0,0.0,0.0,0.0,0.0,0.0
33.906,item8_regress,PARKED,0.0,0.0,0.0,2,0.0,3.686,0.0,0.0,0.0,0.0,0.0,0.0,0.0
34.037,item8_regress,PARKED,0.0,0.0,0.0,2,0.0,3.695,0.0,0.0,0.0,0.0,0.0,0.0,0.0
34.103,item8_regress,PARKED,0.0,0.0,0.0,2,0.0,3.695,0.0,0.0,0.0,0.0,0.0,0.0,0.0
34.244,item8_regress,PARKED,0.0,0.0,0.0,2,0.0,3.716,0.0,0.0,0.0,0.0,0.0,0.0,0.0
34.304,item8_regress,PARKED,0.0,0.0,0.0,2,0.0,3.742,0.0,0.0,0.0,0.0,0.0,0.0,0.0
34.404,item8_regress,PARKED,0.0,0.0,0.0,2,0.0,3.742,0.0,0.0,0.0,0.0,0.0,0.0,0.0
34.514,item8_regress,PARKED,0.0,0.0,0.0,2,0.0,3.68,0.0,0.0,0.0,0.0,0.0,0.0,0.0
34.62,item8_regress,PARKED,0.0,0.0,0.0,2,0.0,3.68,0.0,0.0,0.0,0.0,0.0,0.0,0.0
34.704,item8_regress,PARKED,0.0,0.0,0.0,2,0.0,3.68,0.0,0.0,0.0,0.0,0.0,0.0,0.0
34.845,item8_regress,PARKED,0.0,0.0,0.0,2,0.0,3.783,0.0,0.0,0.0,0.0,0.0,0.0,0.0
34.903,item8_regress,PARKED,0.0,0.0,0.0,2,0.0,3.783,0.0,0.0,0.0,0.0,0.0,0.0,0.0
35.004,item8_regress,PARKED,0.0,0.0,0.0,2,0.0,3.783,0.0,0.0,0.0,0.0,0.0,0.0,0.0
35.123,item8_regress,PARKED,0.0,0.0,0.0,2,0.0,3.746,0.0,0.0,0.0,0.0,0.0,0.0,0.0
35.203,item8_regress,PARKED,0.0,0.0,0.0,2,0.0,3.734,0.0,0.0,0.0,0.0,0.0,0.0,0.0
35.303,item8_regress,PARKED,0.0,0.0,0.0,2,0.0,3.682,0.0,0.0,0.0,0.0,0.0,0.0,0.0
35.404,item8_regress,PARKED,0.0,0.0,0.0,2,0.0,3.682,0.0,0.0,0.0,0.0,0.0,0.0,0.0
35.503,item8_regress,PARKED,0.0,0.0,0.0,2,0.0,3.682,0.0,0.0,0.0,0.0,0.0,0.0,0.0
35.612,item8_regress,PARKED,0.0,0.0,0.0,2,0.0,3.685,0.0,0.0,0.0,0.0,0.0,0.0,0.0
35.704,item8_regress,PARKED,0.0,0.0,0.0,2,0.0,3.685,0.0,0.0,0.0,0.0,0.0,0.0,0.0
35.825,item8_regress,PARKED,0.0,0.0,0.0,2,0.0,3.654,0.0,0.0,0.0,0.0,0.0,0.0,0.0
35.903,item8_regress,PARKED,0.0,0.0,0.0,2,0.0,3.654,0.0,0.0,0.0,0.0,0.0,0.0,0.0
36.024,item8_regress,PARKED,0.0,0.0,0.0,2,0.0,3.71,0.0,0.0,0.0,0.0,0.0,0.0,0.0
36.104,item8_regress,PARKED,0.0,0.0,0.0,2,0.0,3.711,0.0,0.0,0.0,0.0,0.0,0.0,0.0
36.204,item8_regress,PARKED,0.0,0.0,0.0,2,0.0,3.646,0.0,0.0,0.0,0.0,0.0,0.0,0.0
36.304,item8_regress,PARKED,0.0,0.0,0.0,2,0.0,3.646,0.0,0.0,0.0,0.0,0.0,0.0,0.0
36.403,item8_regress,PARKED,0.0,0.0,0.0,2,0.0,3.672,0.0,0.0,0.0,0.0,0.0,0.0,0.0
36.503,item8_regress,PARKED,0.0,0.0,0.0,2,0.0,3.672,0.0,0.0,0.0,0.0,0.0,0.0,0.0
36.634,item8_regress,PARKED,0.0,0.0,0.0,2,0.0,3.803,0.0,0.0,0.0,0.0,0.0,0.0,0.0
36.703,item8_regress,PARKED,0.0,0.0,0.0,2,0.0,3.803,0.0,0.0,0.0,0.0,0.0,0.0,0.0
36.803,item8_regress,PARKED,0.0,0.0,0.0,2,0.0,3.801,0.0,0.0,0.0,0.0,0.0,0.0,0.0
36.904,item8_regress,PARKED,0.0,0.0,0.0,2,0.0,3.801,0.0,0.0,0.0,0.0,0.0,0.0,0.0
37.043,item8_regress,PARKED,0.0,0.0,0.0,2,0.0,3.71,0.0,0.0,0.0,0.0,0.0,0.0,0.0
37.105,item8_regress,PARKED,0.0,0.0,0.0,2,0.0,3.71,0.0,0.0,0.0,0.0,0.0,0.0,0.0
37.204,item8_regress,PARKED,0.0,0.0,0.0,2,0.0,3.675,0.0,0.0,0.0,0.0,0.0,0.0,0.0
37.334,item8_regress,PARKED,0.0,0.0,0.0,2,0.0,3.715,0.0,0.0,0.0,0.0,0.0,0.0,0.0
37.404,item8_regress,PARKED,0.0,0.0,0.0,2,0.0,3.682,0.0,0.0,0.0,0.0,0.0,0.0,0.0
37.504,item8_regress,PARKED,0.0,0.0,0.0,2,0.0,3.682,0.0,0.0,0.0,0.0,0.0,0.0,0.0
37.604,item8_regress,PARKED,0.0,0.0,0.0,2,0.0,3.709,0.0,0.0,0.0,0.0,0.0,0.0,0.0
37.704,item8_regress,PARKED,0.0,0.0,0.0,2,0.0,3.75,0.0,0.0,0.0,0.0,0.0,0.0,0.0
37.805,item8_regress,PARKED,0.0,0.0,0.0,2,0.0,3.722,0.0,0.0,0.0,0.0,0.0,0.0,0.0
37.952,item8_regress,PARKED,0.0,0.0,0.0,2,0.0,3.707,0.0,0.0,0.0,0.0,0.0,0.0,0.0
38.016,item8_regress,PARKED,0.0,0.0,0.0,2,0.0,3.702,0.0,0.0,0.0,0.0,0.0,0.0,0.0
38.103,item8_regress,PARKED,0.0,0.0,0.0,2,0.0,3.702,0.0,0.0,0.0,0.0,0.0,0.0,0.0
38.203,item8_regress,PARKED,0.0,0.0,0.0,2,0.0,3.727,0.0,0.0,0.0,0.0,0.0,0.0,0.0
38.303,item8_regress,PARKED,0.0,0.0,0.0,2,0.0,3.807,0.0,0.0,0.0,0.0,0.0,0.0,0.0
38.44,item8_regress,PARKED,0.0,0.0,0.0,2,0.0,3.715,0.0,0.0,0.0,0.0,0.0,0.0,0.0
38.503,item8_regress,PARKED,0.0,0.0,0.0,2,0.0,3.715,0.0,0.0,0.0,0.0,0.0,0.0,0.0
38.604,item8_regress,PARKED,0.0,0.0,0.0,2,0.0,3.715,0.0,0.0,0.0,0.0,0.0,0.0,0.0
38.703,item8_regress,PARKED,0.0,0.0,0.0,2,0.0,3.715,0.0,0.0,0.0,0.0,0.0,0.0,0.0
38.816,item8_regress,PARKED,0.0,0.0,0.0,2,0.0,3.744,0.0,0.0,0.0,0.0,0.0,0.0,0.0
38.938,item8_regress,PARKED,0.0,0.0,0.0,2,0.0,3.711,0.0,0.0,0.0,0.0,0.0,0.0,0.0
39.003,item8_regress,PARKED,0.0,0.0,0.0,2,0.0,3.711,0.0,0.0,0.0,0.0,0.0,0.0,0.0
39.119,item8_regress,PARKED,0.0,0.0,0.0,2,0.0,3.739,0.0,0.0,0.0,0.0,0.0,0.0,0.0
39.203,item8_regress,PARKED,0.0,0.0,0.0,2,0.0,3.739,0.0,0.0,0.0,0.0,0.0,0.0,0.0
39.351,item8_regress,PARKED,0.0,0.0,0.0,2,0.0,3.679,0.0,0.0,0.0,0.0,0.0,0.0,0.0
39.404,item8_regress,PARKED,0.0,0.0,0.0,2,0.0,3.663,0.0,0.0,0.0,0.0,0.0,0.0,0.0
39.525,item8_regress,PARKED,0.0,0.0,0.0,2,0.0,3.725,0.0,0.0,0.0,0.0,0.0,0.0,0.0
39.603,item8_regress,PARKED,0.0,0.0,0.0,2,0.0,3.725,0.0,0.0,0.0,0.0,0.0,0.0,0.0
39.704,item8_regress,PARKED,0.0,0.0,0.0,2,0.0,3.725,0.0,0.0,0.0,0.0,0.0,0.0,0.0
39.818,item8_regress,PARKED,0.0,0.0,0.0,2,0.0,3.709,0.0,0.0,0.0,0.0,0.0,0.0,0.0
39.909,item8_regress,PARKED,0.0,0.0,0.0,2,0.0,3.721,0.0,0.0,0.0,0.0,0.0,0.0,0.0
40.003,item8_regress,PARKED,0.0,0.0,0.0,2,0.0,3.721,0.0,0.0,0.0,0.0,0.0,0.0,0.0
40.103,item8_regress,PARKED,0.0,0.0,0.0,2,0.0,3.727,0.0,0.0,0.0,0.0,0.0,0.0,0.0
40.215,item8_regress,PARKED,0.0,0.0,0.0,2,0.0,3.727,0.0,0.0,0.0,0.0,0.0,0.0,0.0
40.352,item8_regress,PARKED,0.0,0.0,0.0,2,0.0,3.683,0.0,0.0,0.0,0.0,0.0,0.0,0.0
40.417,item8_regress,PARKED,0.0,0.0,0.0,2,0.0,3.683,0.0,0.0,0.0,0.0,0.0,0.0,0.0
40.55,item8_regress,PARKED,0.0,0.0,0.0,2,0.0,3.703,0.0,0.0,0.0,0.0,0.0,0.0,0.0
40.604,item8_regress,PARKED,0.0,0.0,0.0,2,0.0,3.703,0.0,0.0,0.0,0.0,0.0,0.0,0.0
40.703,item8_regress,PARKED,0.0,0.0,0.0,2,0.0,3.703,0.0,0.0,0.0,0.0,0.0,0.0,0.0
40.807,item8_regress,PARKED,0.0,0.0,0.0,2,0.0,3.679,0.0,0.0,0.0,0.0,0.0,0.0,0.0
40.952,item8_regress,PARKED,0.0,0.0,0.0,2,0.0,3.684,0.0,0.0,0.0,0.0,0.0,0.0,0.0
41.004,item8_regress,PARKED,0.0,0.0,0.0,2,0.0,3.684,0.0,0.0,0.0,0.0,0.0,0.0,0.0
41.104,item8_regress,PARKED,0.0,0.0,0.0,2,0.0,3.782,0.0,0.0,0.0,0.0,0.0,0.0,0.0
41.217,item8_regress,PARKED,0.0,0.0,0.0,2,0.0,3.737,0.0,0.0,0.0,0.0,0.0,0.0,0.0
41.328,item8_regress,PARKED,0.0,0.0,0.0,2,0.0,3.673,0.0,0.0,0.0,0.0,0.0,0.0,0.0
41.404,item8_regress,PARKED,0.0,0.0,0.0,2,0.0,3.673,0.0,0.0,0.0,0.0,0.0,0.0,0.0
41.504,item8_regress,PARKED,0.0,0.0,0.0,2,0.0,3.729,0.0,0.0,0.0,0.0,0.0,0.0,0.0
41.603,item8_regress,PARKED,0.0,0.0,0.0,2,0.0,3.732,0.0,0.0,0.0,0.0,0.0,0.0,0.0
41.704,item8_regress,PARKED,0.0,0.0,0.0,2,0.0,3.731,0.0,0.0,0.0,0.0,0.0,0.0,0.0
41.803,item8_regress,PARKED,0.0,0.0,0.0,2,0.0,3.731,0.0,0.0,0.0,0.0,0.0,0.0,0.0
41.903,item8_regress,PARKED,0.0,0.0,0.0,2,0.0,3.744,0.0,0.0,0.0,0.0,0.0,0.0,0.0
42.042,item8_regress,PARKED,0.0,0.0,0.0,2,0.0,3.778,0.0,0.0,0.0,0.0,0.0,0.0,0.0
42.123,item8_regress,PARKED,0.0,0.0,0.0,2,0.0,3.654,0.0,0.0,0.0,0.0,0.0,0.0,0.0
42.203,item8_regress,PARKED,0.0,0.0,0.0,2,0.0,3.654,0.0,0.0,0.0,0.0,0.0,0.0,0.0
42.303,item8_regress,PARKED,0.0,0.0,0.0,2,0.0,3.654,0.0,0.0,0.0,0.0,0.0,0.0,0.0
42.403,item8_regress,PARKED,0.0,0.0,0.0,2,0.0,3.639,0.0,0.0,0.0,0.0,0.0,0.0,0.0
42.518,item8_regress,PARKED,0.0,0.0,0.0,2,0.0,3.644,0.0,0.0,0.0,0.0,0.0,0.0,0.0
42.603,item8_regress,PARKED,0.0,0.0,0.0,2,0.0,3.671,0.0,0.0,0.0,0.0,0.0,0.0,0.0
42.703,item8_regress,PARKED,0.0,0.0,0.0,2,0.0,3.671,0.0,0.0,0.0,0.0,0.0,0.0,0.0
42.84,item8_regress,PARKED,0.0,0.0,0.0,2,0.0,3.738,0.0,0.0,0.0,0.0,0.0,0.0,0.0
42.934,item8_regress,PARKED,0.0,0.0,0.0,2,0.0,3.738,0.0,0.0,0.0,0.0,0.0,0.0,0.0
43.003,item8_regress,PARKED,0.0,0.0,0.0,2,0.0,3.7,0.0,0.0,0.0,0.0,0.0,0.0,0.0
43.113,item8_regress,PARKED,0.0,0.0,0.0,2,0.0,3.745,0.0,0.0,0.0,0.0,0.0,0.0,0.0
43.204,item8_regress,PARKED,0.0,0.0,0.0,2,0.0,3.745,0.0,0.0,0.0,0.0,0.0,0.0,0.0
43.303,item8_regress,PARKED,0.0,0.0,0.0,2,0.0,3.751,0.0,0.0,0.0,0.0,0.0,0.0,0.0
43.403,item8_regress,PARKED,0.0,0.0,0.0,2,0.0,3.696,0.0,0.0,0.0,0.0,0.0,0.0,0.0
43.509,item8_regress,PARKED,0.0,0.0,0.0,2,0.0,3.678,0.0,0.0,0.0,0.0,0.0,0.0,0.0
43.603,item8_regress,PARKED,0.0,0.0,0.0,2,0.0,3.678,0.0,0.0,0.0,0.0,0.0,0.0,0.0
43.704,item8_regress,PARKED,0.0,0.0,0.0,2,0.0,3.762,0.0,0.0,0.0,0.0,0.0,0.0,0.0
43.804,item8_regress,PARKED,0.0,0.0,0.0,2,0.0,3.762,0.0,0.0,0.0,0.0,0.0,0.0,0.0
43.903,item8_regress,PARKED,0.0,0.0,0.0,2,0.0,3.762,0.0,0.0,0.0,0.0,0.0,0.0,0.0
44.003,item8_regress,PARKED,0.0,0.0,0.0,2,0.0,3.762,0.0,0.0,0.0,0.0,0.0,0.0,0.0
44.115,item8_regress,PARKED,0.0,0.0,0.0,2,0.0,3.665,0.0,0.0,0.0,0.0,0.0,0.0,0.0
44.252,item8_regress,PARKED,0.0,0.0,0.0,2,0.0,3.656,0.0,0.0,0.0,0.0,0.0,0.0,0.0
44.321,item8_regress,PARKED,0.0,0.0,0.0,2,0.0,3.741,0.0,0.0,0.0,0.0,0.0,0.0,0.0
44.403,item8_regress,PARKED,0.0,0.0,0.0,2,0.0,3.741,0.0,0.0,0.0,0.0,0.0,0.0,0.0
44.504,item8_regress,PARKED,0.0,0.0,0.0,2,0.0,3.742,0.0,0.0,0.0,0.0,0.0,0.0,0.0
44.604,item8_regress,PARKED,0.0,0.0,0.0,2,0.0,3.768,0.0,0.0,0.0,0.0,0.0,0.0,0.0
44.704,item8_regress,PARKED,0.0,0.0,0.0,2,0.0,3.713,0.0,0.0,0.0,0.0,0.0,0.0,0.0
44.803,item8_regress,PARKED,0.0,0.0,0.0,2,0.0,3.713,0.0,0.0,0.0,0.0,0.0,0.0,0.0
44.931,item8_regress,PARKED,0.0,0.0,0.0,2,0.0,3.69,0.0,0.0,0.0,0.0,0.0,0.0,0.0
45.003,item8_regress,PARKED,0.0,0.0,0.0,2,0.0,3.705,0.0,0.0,0.0,0.0,0.0,0.0,0.0
45.103,item8_regress,PARKED,0.0,0.0,0.0,2,0.0,3.705,0.0,0.0,0.0,0.0,0.0,0.0,0.0
45.203,item8_regress,PARKED,0.0,0.0,0.0,2,0.0,3.705,0.0,0.0,0.0,0.0,0.0,0.0,0.0
45.304,item8_regress,PARKED,0.0,0.0,0.0,2,0.0,3.705,0.0,0.0,0.0,0.0,0.0,0.0,0.0
45.404,item8_regress,PARKED,0.0,0.0,0.0,2,0.0,3.705,0.0,0.0,0.0,0.0,0.0,0.0,0.0
45.503,item8_regress,PARKED,0.0,0.0,0.0,2,0.0,3.708,0.0,0.0,0.0,0.0,0.0,0.0,0.0
45.615,item8_regress,PARKED,0.0,0.0,0.0,2,0.0,3.652,0.0,0.0,0.0,0.0,0.0,0.0,0.0
45.703,item8_regress,PARKED,0.0,0.0,0.0,2,0.0,3.694,0.0,0.0,0.0,0.0,0.0,0.0,0.0
45.803,item8_regress,PARKED,0.0,0.0,0.0,2,0.0,3.694,0.0,0.0,0.0,0.0,0.0,0.0,0.0
45.903,item8_regress,PARKED,0.0,0.0,0.0,2,0.0,3.694,0.0,0.0,0.0,0.0,0.0,0.0,0.0
46.004,item8_regress,PARKED,0.0,0.0,0.0,2,0.0,3.694,0.0,0.0,0.0,0.0,0.0,0.0,0.0
46.139,item8_regress,PARKED,0.0,0.0,0.0,2,0.0,3.706,0.0,0.0,0.0,0.0,0.0,0.0,0.0
46.204,item8_regress,PARKED,0.0,0.0,0.0,2,0.0,3.706,0.0,0.0,0.0,0.0,0.0,0.0,0.0
46.316,item8_regress,PARKED,0.0,0.0,0.0,2,0.0,3.706,0.0,0.0,0.0,0.0,0.0,0.0,0.0
46.403,item8_regress,PARKED,0.0,0.0,0.0,2,0.0,3.812,0.0,0.0,0.0,0.0,0.0,0.0,0.0
46.505,item8_regress,PARKED,0.0,0.0,0.0,2,0.0,3.812,0.0,0.0,0.0,0.0,0.0,0.0,0.0
46.603,item8_regress,PARKED,0.0,0.0,0.0,2,0.0,3.676,0.0,0.0,0.0,0.0,0.0,0.0,0.0
46.704,item8_regress,PARKED,0.0,0.0,0.0,2,0.0,3.755,0.0,0.0,0.0,0.0,0.0,0.0,0.0
46.803,item8_regress,PARKED,0.0,0.0,0.0,2,0.0,3.755,0.0,0.0,0.0,0.0,0.0,0.0,0.0
46.903,item8_regress,PARKED,0.0,0.0,0.0,2,0.0,3.755,0.0,0.0,0.0,0.0,0.0,0.0,0.0
47.004,item8_regress,PARKED,0.0,0.0,0.0,2,0.0,3.684,0.0,0.0,0.0,0.0,0.0,0.0,0.0
47.104,item8_regress,PARKED,0.0,0.0,0.0,2,0.0,3.744,0.0,0.0,0.0,0.0,0.0,0.0,0.0
47.204,item8_regress,PARKED,0.0,0.0,0.0,2,0.0,3.744,0.0,0.0,0.0,0.0,0.0,0.0,0.0
47.328,item8_regress,PARKED,0.0,0.0,0.0,2,0.0,3.816,0.0,0.0,0.0,0.0,0.0,0.0,0.0
47.403,item8_regress,PARKED,0.0,0.0,0.0,2,0.0,3.816,0.0,0.0,0.0,0.0,0.0,0.0,0.0
47.53,item8_regress,PARKED,0.0,0.0,0.0,2,0.0,3.657,0.0,0.0,0.0,0.0,0.0,0.0,0.0
47.605,item8_regress,PARKED,0.0,0.0,0.0,2,0.0,3.747,0.0,0.0,0.0,0.0,0.0,0.0,0.0
47.703,item8_regress,PARKED,0.0,0.0,0.0,2,0.0,3.747,0.0,0.0,0.0,0.0,0.0,0.0,0.0
47.808,item8_regress,PARKED,0.0,0.0,0.0,2,0.0,3.7,0.0,0.0,0.0,0.0,0.0,0.0,0.0
47.903,item8_regress,PARKED,0.0,0.0,0.0,2,0.0,3.7,0.0,0.0,0.0,0.0,0.0,0.0,0.0
48.004,item8_regress,PARKED,0.0,0.0,0.0,2,0.0,3.747,0.0,0.0,0.0,0.0,0.0,0.0,0.0
48.13,item8_regress,PARKED,0.0,0.0,0.0,2,0.0,3.782,0.0,0.0,0.0,0.0,0.0,0.0,0.0
48.204,item8_regress,PARKED,0.0,0.0,0.0,2,0.0,3.782,0.0,0.0,0.0,0.0,0.0,0.0,0.0
48.336,item8_regress,PARKED,0.0,0.0,0.0,2,0.0,3.825,0.0,0.0,0.0,0.0,0.0,0.0,0.0
48.446,item8_regress,PARKED,0.0,0.0,0.0,2,0.0,3.825,0.0,0.0,0.0,0.0,0.0,0.0,0.0
48.507,item8_regress,PARKED,0.0,0.0,0.0,2,0.0,3.705,0.0,0.0,0.0,0.0,0.0,0.0,0.0
48.604,item8_regress,PARKED,0.0,0.0,0.0,2,0.0,3.683,0.0,0.0,0.0,0.0,0.0,0.0,0.0
48.704,item8_regress,PARKED,0.0,0.0,0.0,2,0.0,3.654,0.0,0.0,0.0,0.0,0.0,0.0,0.0
48.837,item8_regress,PARKED,0.0,0.0,0.0,2,0.0,3.701,0.0,0.0,0.0,0.0,0.0,0.0,0.0
48.903,item8_regress,PARKED,0.0,0.0,0.0,2,0.0,3.701,0.0,0.0,0.0,0.0,0.0,0.0,0.0
49.041,item8_regress,PARKED,0.0,0.0,0.0,2,0.0,3.673,0.0,0.0,0.0,0.0,0.0,0.0,0.0
49.151,item8_regress,PARKED,0.0,0.0,0.0,2,0.0,3.673,0.0,0.0,0.0,0.0,0.0,0.0,0.0
49.251,item8_regress,PARKED,0.0,0.0,0.0,2,0.0,3.608,0.0,0.0,0.0,0.0,0.0,0.0,0.0
49.314,item8_regress,PARKED,0.0,0.0,0.0,2,0.0,3.608,0.0,0.0,0.0,0.0,0.0,0.0,0.0
49.414,item8_regress,PARKED,0.0,0.0,0.0,2,0.0,3.687,0.0,0.0,0.0,0.0,0.0,0.0,0.0
49.528,item8_regress,PARKED,0.0,0.0,0.0,2,0.0,3.706,0.0,0.0,0.0,0.0,0.0,0.0,0.0
49.648,item8_regress,PARKED,0.0,0.0,0.0,2,0.0,3.706,0.0,0.0,0.0,0.0,0.0,0.0,0.0
49.743,item8_regress,PARKED,0.0,0.0,0.0,2,0.0,3.713,0.0,0.0,0.0,0.0,0.0,0.0,0.0
49.803,item8_regress,PARKED,0.0,0.0,0.0,2,0.0,3.657,0.0,0.0,0.0,0.0,0.0,0.0,0.0
49.904,item8_regress,PARKED,0.0,0.0,0.0,2,0.0,3.687,0.0,0.0,0.0,0.0,0.0,0.0,0.0
50.004,item8_regress,PARKED,0.0,0.0,0.0,2,0.0,3.687,0.0,0.0,0.0,0.0,0.0,0.0,0.0
50.121,item8_regress,PARKED,0.0,0.0,0.0,2,0.0,3.729,0.0,0.0,0.0,0.0,0.0,0.0,0.0
50.204,item8_regress,PARKED,0.0,0.0,0.0,2,0.0,3.729,0.0,0.0,0.0,0.0,0.0,0.0,0.0
50.303,item8_regress,PARKED,0.0,0.0,0.0,2,0.0,3.707,0.0,0.0,0.0,0.0,0.0,0.0,0.0
50.404,item8_regress,PARKED,0.0,0.0,0.0,2,0.0,3.701,0.0,0.0,0.0,0.0,0.0,0.0,0.0
50.503,item8_regress,PARKED,0.0,0.0,0.0,2,0.0,3.701,0.0,0.0,0.0,0.0,0.0,0.0,0.0
50.603,item8_regress,PARKED,0.0,0.0,0.0,2,0.0,3.718,0.0,0.0,0.0,0.0,0.0,0.0,0.0
50.728,item8_regress,PARKED,0.0,0.0,0.0,2,0.0,3.705,0.0,0.0,0.0,0.0,0.0,0.0,0.0
50.821,item8_regress,PARKED,0.0,0.0,0.0,2,0.0,3.705,0.0,0.0,0.0,0.0,0.0,0.0,0.0
50.904,item8_regress,PARKED,0.0,0.0,0.0,2,0.0,3.694,0.0,0.0,0.0,0.0,0.0,0.0,0.0
51.03,item8_regress,PARKED,0.0,0.0,0.0,2,0.0,3.649,0.0,0.0,0.0,0.0,0.0,0.0,0.0
51.135,item8_regress,PARKED,0.0,0.0,0.0,2,0.0,3.649,0.0,0.0,0.0,0.0,0.0,0.0,0.0
51.203,item8_regress,PARKED,0.0,0.0,0.0,2,0.0,3.715,0.0,0.0,0.0,0.0,0.0,0.0,0.0
51.328,item8_regress,PARKED,0.0,0.0,0.0,2,0.0,3.732,0.0,0.0,0.0,0.0,0.0,0.0,0.0
51.434,item8_regress,PARKED,0.0,0.0,0.0,2,0.0,3.732,0.0,0.0,0.0,0.0,0.0,0.0,0.0
51.503,item8_regress,PARKED,0.0,0.0,0.0,2,0.0,3.749,0.0,0.0,0.0,0.0,0.0,0.0,0.0
51.631,item8_regress,PARKED,0.0,0.0,0.0,2,0.0,3.749,0.0,0.0,0.0,0.0,0.0,0.0,0.0
51.712,item8_regress,PARKED,0.0,0.0,0.0,2,0.0,3.772,0.0,0.0,0.0,0.0,0.0,0.0,0.0
51.804,item8_regress,PARKED,0.0,0.0,0.0,2,0.0,3.772,0.0,0.0,0.0,0.0,0.0,0.0,0.0
51.904,item8_regress,PARKED,0.0,0.0,0.0,2,0.0,3.708,0.0,0.0,0.0,0.0,0.0,0.0,0.0
52.003,item8_regress,PARKED,0.0,0.0,0.0,2,0.0,3.708,0.0,0.0,0.0,0.0,0.0,0.0,0.0
52.109,item8_regress,PARKED,0.0,0.0,0.0,2,0.0,3.711,0.0,0.0,0.0,0.0,0.0,0.0,0.0
52.203,item8_regress,PARKED,0.0,0.0,0.0,2,0.0,3.715,0.0,0.0,0.0,0.0,0.0,0.0,0.0
52.303,item8_regress,PARKED,0.0,0.0,0.0,2,0.0,3.715,0.0,0.0,0.0,0.0,0.0,0.0,0.0
52.421,item8_regress,PARKED,0.0,0.0,0.0,2,0.0,3.687,0.0,0.0,0.0,0.0,0.0,0.0,0.0
52.503,item8_regress,PARKED,0.0,0.0,0.0,2,0.0,3.687,0.0,0.0,0.0,0.0,0.0,0.0,0.0
52.603,item8_regress,PARKED,0.0,0.0,0.0,2,0.0,3.695,0.0,0.0,0.0,0.0,0.0,0.0,0.0
52.726,item8_regress,PARKED,0.0,0.0,0.0,2,0.0,3.697,0.0,0.0,0.0,0.0,0.0,0.0,0.0
52.803,item8_regress,PARKED,0.0,0.0,0.0,2,0.0,3.772,0.0,0.0,0.0,0.0,0.0,0.0,0.0
52.938,item8_regress,PARKED,0.0,0.0,0.0,2,0.0,3.772,0.0,0.0,0.0,0.0,0.0,0.0,0.0
53.003,item8_regress,PARKED,0.0,0.0,0.0,2,0.0,3.772,0.0,0.0,0.0,0.0,0.0,0.0,0.0
53.103,item8_regress,PARKED,0.0,0.0,0.0,2,0.0,3.772,0.0,0.0,0.0,0.0,0.0,0.0,0.0
53.223,item8_regress,PARKED,0.0,0.0,0.0,2,0.0,3.753,0.0,0.0,0.0,0.0,0.0,0.0,0.0
53.303,item8_regress,PARKED,0.0,0.0,0.0,2,0.0,3.753,0.0,0.0,0.0,0.0,0.0,0.0,0.0
53.403,item8_regress,PARKED,0.0,0.0,0.0,2,0.0,3.643,0.0,0.0,0.0,0.0,0.0,0.0,0.0
53.504,item8_regress,PARKED,0.0,0.0,0.0,2,0.0,3.659,0.0,0.0,0.0,0.0,0.0,0.0,0.0
53.632,item8_regress,PARKED,0.0,0.0,0.0,2,0.0,3.661,0.0,0.0,0.0,0.0,0.0,0.0,0.0
53.703,item8_regress,PARKED,0.0,0.0,0.0,2,0.0,3.701,0.0,0.0,0.0,0.0,0.0,0.0,0.0
53.832,item8_regress,PARKED,0.0,0.0,0.0,2,0.0,3.702,0.0,0.0,0.0,0.0,0.0,0.0,0.0
53.903,item8_regress,PARKED,0.0,0.0,0.0,2,0.0,3.702,0.0,0.0,0.0,0.0,0.0,0.0,0.0
54.003,item8_regress,PARKED,0.0,0.0,0.0,2,0.0,3.702,0.0,0.0,0.0,0.0,0.0,0.0,0.0
54.103,item8_regress,PARKED,0.0,0.0,0.0,2,0.0,3.702,0.0,0.0,0.0,0.0,0.0,0.0,0.0
54.204,item8_regress,PARKED,0.0,0.0,0.0,2,0.0,3.699,0.0,0.0,0.0,0.0,0.0,0.0,0.0
54.303,item8_regress,PARKED,0.0,0.0,0.0,2,0.0,3.699,0.0,0.0,0.0,0.0,0.0,0.0,0.0
54.403,item8_regress,PARKED,0.0,0.0,0.0,2,0.0,3.699,0.0,0.0,0.0,0.0,0.0,0.0,0.0
54.504,item8_regress,PARKED,0.0,0.0,0.0,2,0.0,3.711,0.0,0.0,0.0,0.0,0.0,0.0,0.0
54.627,item8_regress,PARKED,0.0,0.0,0.0,2,0.0,3.741,0.0,0.0,0.0,0.0,0.0,0.0,0.0
54.753,item8_regress,PARKED,0.0,0.0,0.0,2,0.0,3.678,0.0,0.0,0.0,0.0,0.0,0.0,0.0
54.804,item8_regress,PARKED,0.0,0.0,0.0,2,0.0,3.678,0.0,0.0,0.0,0.0,0.0,0.0,0.0
54.903,item8_regress,PARKED,0.0,0.0,0.0,2,0.0,3.685,0.0,0.0,0.0,0.0,0.0,0.0,0.0
55.005,item8_regress,PARKED,0.0,0.0,0.0,2,0.0,3.668,0.0,0.0,0.0,0.0,0.0,0.0,0.0
55.104,item8_regress,PARKED,0.0,0.0,0.0,2,0.0,3.668,0.0,0.0,0.0,0.0,0.0,0.0,0.0
55.203,item8_regress,PARKED,0.0,0.0,0.0,2,0.0,3.638,0.0,0.0,0.0,0.0,0.0,0.0,0.0
55.307,item8_regress,PARKED,0.0,0.0,0.0,2,0.0,3.683,0.0,0.0,0.0,0.0,0.0,0.0,0.0
55.403,item8_regress,PARKED,0.0,0.0,0.0,2,0.0,3.662,0.0,0.0,0.0,0.0,0.0,0.0,0.0
55.523,item8_regress,PARKED,0.0,0.0,0.0,2,0.0,3.721,0.0,0.0,0.0,0.0,0.0,0.0,0.0
55.603,item8_regress,PARKED,0.0,0.0,0.0,2,0.0,3.811,0.0,0.0,0.0,0.0,0.0,0.0,0.0
55.703,item8_regress,PARKED,0.0,0.0,0.0,2,0.0,3.811,0.0,0.0,0.0,0.0,0.0,0.0,0.0
55.804,item8_regress,PARKED,0.0,0.0,0.0,2,0.0,3.811,0.0,0.0,0.0,0.0,0.0,0.0,0.0
55.903,item8_regress,PARKED,0.0,0.0,0.0,2,0.0,3.687,0.0,0.0,0.0,0.0,0.0,0.0,0.0
56.003,item8_regress,PARKED,0.0,0.0,0.0,2,0.0,3.708,0.0,0.0,0.0,0.0,0.0,0.0,0.0
56.103,item8_regress,PARKED,0.0,0.0,0.0,2,0.0,3.661,0.0,0.0,0.0,0.0,0.0,0.0,0.0
56.204,item8_regress,PARKED,0.0,0.0,0.0,2,0.0,3.661,0.0,0.0,0.0,0.0,0.0,0.0,0.0
56.337,item8_regress,PARKED,0.0,0.0,0.0,2,0.0,3.747,0.0,0.0,0.0,0.0,0.0,0.0,0.0
56.403,item8_regress,PARKED,0.0,0.0,0.0,2,0.0,3.747,0.0,0.0,0.0,0.0,0.0,0.0,0.0
56.538,item8_regress,PARKED,0.0,0.0,0.0,2,0.0,3.665,0.0,0.0,0.0,0.0,0.0,0.0,0.0
56.603,item8_regress,PARKED,0.0,0.0,0.0,2,0.0,3.665,0.0,0.0,0.0,0.0,0.0,0.0,0.0
56.731,item8_regress,PARKED,0.0,0.0,0.0,2,0.0,3.748,0.0,0.0,0.0,0.0,0.0,0.0,0.0
56.803,item8_regress,PARKED,0.0,0.0,0.0,2,0.0,3.748,0.0,0.0,0.0,0.0,0.0,0.0,0.0
56.904,item8_regress,PARKED,0.0,0.0,0.0,2,0.0,3.694,0.0,0.0,0.0,0.0,0.0,0.0,0.0
57.003,item8_regress,PARKED,0.0,0.0,0.0,2,0.0,3.694,0.0,0.0,0.0,0.0,0.0,0.0,0.0
57.123,item8_regress,PARKED,0.0,0.0,0.0,2,0.0,3.672,0.0,0.0,0.0,0.0,0.0,0.0,0.0
57.203,item8_regress,PARKED,0.0,0.0,0.0,2,0.0,3.672,0.0,0.0,0.0,0.0,0.0,0.0,0.0
57.348,item8_regress,PARKED,0.0,0.0,0.0,2,0.0,3.774,0.0,0.0,0.0,0.0,0.0,0.0,0.0
57.444,item8_regress,PARKED,0.0,0.0,0.0,2,0.0,3.774,0.0,0.0,0.0,0.0,0.0,0.0,0.0
57.513,item8_regress,PARKED,0.0,0.0,0.0,2,0.0,3.679,0.0,0.0,0.0,0.0,0.0,0.0,0.0
57.64,item8_regress,PARKED,0.0,0.0,0.0,2,0.0,3.654,0.0,0.0,0.0,0.0,0.0,0.0,0.0
57.722,item8_regress,PARKED,0.0,0.0,0.0,2,0.0,3.632,0.0,0.0,0.0,0.0,0.0,0.0,0.0
57.803,item8_regress,PARKED,0.0,0.0,0.0,2,0.0,3.723,0.0,0.0,0.0,0.0,0.0,0.0,0.0
57.925,item8_regress,PARKED,0.0,0.0,0.0,2,0.0,3.723,0.0,0.0,0.0,0.0,0.0,0.0,0.0
58.003,item8_regress,PARKED,0.0,0.0,0.0,2,0.0,3.723,0.0,0.0,0.0,0.0,0.0,0.0,0.0
58.103,item8_regress,PARKED,0.0,0.0,0.0,2,0.0,3.742,0.0,0.0,0.0,0.0,0.0,0.0,0.0
58.203,item8_regress,PARKED,0.0,0.0,0.0,2,0.0,3.755,0.0,0.0,0.0,0.0,0.0,0.0,0.0
58.304,item8_regress,PARKED,0.0,0.0,0.0,2,0.0,3.755,0.0,0.0,0.0,0.0,0.0,0.0,0.0
58.404,item8_regress,PARKED,0.0,0.0,0.0,2,0.0,3.755,0.0,0.0,0.0,0.0,0.0,0.0,0.0
58.504,item8_regress,PARKED,0.0,0.0,0.0,2,0.0,3.755,0.0,0.0,0.0,0.0,0.0,0.0,0.0
58.603,item8_regress,PARKED,0.0,0.0,0.0,2,0.0,3.685,0.0,0.0,0.0,0.0,0.0,0.0,0.0
58.703,item8_regress,PARKED,0.0,0.0,0.0,2,0.0,3.674,0.0,0.0,0.0,0.0,0.0,0.0,0.0
58.812,item8_regress,PARKED,0.0,0.0,0.0,2,0.0,3.65,0.0,0.0,0.0,0.0,0.0,0.0,0.0
58.941,item8_regress,PARKED,0.0,0.0,0.0,2,0.0,3.651,0.0,0.0,0.0,0.0,0.0,0.0,0.0
59.018,item8_regress,PARKED,0.0,0.0,0.0,2,0.0,3.645,0.0,0.0,0.0,0.0,0.0,0.0,0.0
59.103,item8_regress,PARKED,0.0,0.0,0.0,2,0.0,3.643,0.0,0.0,0.0,0.0,0.0,0.0,0.0
59.252,item8_regress,PARKED,0.0,0.0,0.0,2,0.0,3.677,0.0,0.0,0.0,0.0,0.0,0.0,0.0
59.304,item8_regress,PARKED,0.0,0.0,0.0,2,0.0,3.677,0.0,0.0,0.0,0.0,0.0,0.0,0.0
59.403,item8_regress,PARKED,0.0,0.0,0.0,2,0.0,3.677,0.0,0.0,0.0,0.0,0.0,0.0,0.0
59.553,item8_regress,PARKED,0.0,0.0,0.0,2,0.0,3.688,0.0,0.0,0.0,0.0,0.0,0.0,0.0
59.603,item8_regress,PARKED,0.0,0.0,0.0,2,0.0,3.688,0.0,0.0,0.0,0.0,0.0,0.0,0.0
59.703,item8_regress,PARKED,0.0,0.0,0.0,2,0.0,3.688,0.0,0.0,0.0,0.0,0.0,0.0,0.0
59.835,item8_regress,PARKED,0.0,0.0,0.0,2,0.0,3.686,0.0,0.0,0.0,0.0,0.0,0.0,0.0
59.915,item8_regress,PARKED,0.0,0.0,0.0,2,0.0,3.731,0.0,0.0,0.0,0.0,0.0,0.0,0.0
60.004,item8_regress,PARKED,0.0,0.0,0.0,2,0.0,3.691,0.0,0.0,0.0,0.0,0.0,0.0,0.0
60.103,item8_regress,PARKED,0.0,0.0,0.0,2,0.0,3.691,0.0,0.0,0.0,0.0,0.0,0.0,0.0
60.233,item8_regress,PARKED,0.0,0.0,0.0,2,0.0,3.643,0.0,0.0,0.0,0.0,0.0,0.0,0.0
60.303,item8_regress,PARKED,0.0,0.0,0.0,2,0.0,3.643,0.0,0.0,0.0,0.0,0.0,0.0,0.0
60.404,item8_regress,PARKED,0.0,0.0,0.0,2,0.0,3.643,0.0,0.0,0.0,0.0,0.0,0.0,0.0
60.503,item8_regress,PARKED,0.0,0.0,0.0,2,0.0,3.643,0.0,0.0,0.0,0.0,0.0,0.0,0.0
60.632,item8_regress,PARKED,0.0,0.0,0.0,2,0.0,3.713,0.0,0.0,0.0,0.0,0.0,0.0,0.0
60.703,item8_regress,PARKED,0.0,0.0,0.0,2,0.0,3.702,0.0,0.0,0.0,0.0,0.0,0.0,0.0
60.803,item8_regress,PARKED,0.0,0.0,0.0,2,0.0,3.702,0.0,0.0,0.0,0.0,0.0,0.0,0.0
60.904,item8_regress,PARKED,0.0,0.0,0.0,2,0.0,3.702,0.0,0.0,0.0,0.0,0.0,0.0,0.0
61.003,item8_regress,PARKED,0.0,0.0,0.0,2,0.0,3.702,0.0,0.0,0.0,0.0,0.0,0.0,0.0
61.135,item8_regress,PARKED,0.0,0.0,0.0,2,0.0,3.702,0.0,0.0,0.0,0.0,0.0,0.0,0.0
61.203,item8_regress,PARKED,0.0,0.0,0.0,2,0.0,3.702,0.0,0.0,0.0,0.0,0.0,0.0,0.0
61.316,item8_regress,PARKED,0.0,0.0,0.0,2,0.0,3.709,0.0,0.0,0.0,0.0,0.0,0.0,0.0
61.403,item8_regress,PARKED,0.0,0.0,0.0,2,0.0,3.709,0.0,0.0,0.0,0.0,0.0,0.0,0.0
61.503,item8_regress,PARKED,0.0,0.0,0.0,2,0.0,3.709,0.0,0.0,0.0,0.0,0.0,0.0,0.0
61.603,item8_regress,PARKED,0.0,0.0,0.0,2,0.0,3.709,0.0,0.0,0.0,0.0,0.0,0.0,0.0
61.703,item8_regress,PARKED,0.0,0.0,0.0,2,0.0,3.709,0.0,0.0,0.0,0.0,0.0,0.0,0.0
61.832,item8_regress,PARKED,0.0,0.0,0.0,2,0.0,3.739,0.0,0.0,0.0,0.0,0.0,0.0,0.0
61.905,item8_regress,PARKED,0.0,0.0,0.0,2,0.0,3.739,0.0,0.0,0.0,0.0,0.0,0.0,0.0
62.003,item8_regress,PARKED,0.0,0.0,0.0,2,0.0,3.739,0.0,0.0,0.0,0.0,0.0,0.0,0.0
62.103,item8_regress,PARKED,0.0,0.0,0.0,2,0.0,3.765,0.0,0.0,0.0,0.0,0.0,0.0,0.0
62.203,item8_regress,PARKED,0.0,0.0,0.0,2,0.0,3.663,0.0,0.0,0.0,0.0,0.0,0.0,0.0
62.303,item8_regress,PARKED,0.0,0.0,0.0,2,0.0,3.663,0.0,0.0,0.0,0.0,0.0,0.0,0.0
62.42,item8_regress,PARKED,0.0,0.0,0.0,2,0.0,3.651,0.0,0.0,0.0,0.0,0.0,0.0,0.0
62.503,item8_regress,PARKED,0.0,0.0,0.0,2,0.0,3.651,0.0,0.0,0.0,0.0,0.0,0.0,0.0
62.604,item8_regress,PARKED,0.0,0.0,0.0,2,0.0,3.651,0.0,0.0,0.0,0.0,0.0,0.0,0.0
62.731,item8_regress,PARKED,0.0,0.0,0.0,2,0.0,3.641,0.0,0.0,0.0,0.0,0.0,0.0,0.0
62.804,item8_regress,PARKED,0.0,0.0,0.0,2,0.0,3.641,0.0,0.0,0.0,0.0,0.0,0.0,0.0
62.926,item8_regress,PARKED,0.0,0.0,0.0,2,0.0,3.735,0.0,0.0,0.0,0.0,0.0,0.0,0.0
63.003,item8_regress,PARKED,0.0,0.0,0.0,2,0.0,3.735,0.0,0.0,0.0,0.0,0.0,0.0,0.0
63.131,item8_regress,PARKED,0.0,0.0,0.0,2,0.0,3.671,0.0,0.0,0.0,0.0,0.0,0.0,0.0
63.205,item8_regress,PARKED,0.0,0.0,0.0,2,0.0,3.671,0.0,0.0,0.0,0.0,0.0,0.0,0.0
63.303,item8_regress,PARKED,0.0,0.0,0.0,2,0.0,3.684,0.0,0.0,0.0,0.0,0.0,0.0,0.0
63.412,item8_regress,PARKED,0.0,0.0,0.0,2,0.0,3.654,0.0,0.0,0.0,0.0,0.0,0.0,0.0
63.552,item8_regress,PARKED,0.0,0.0,0.0,2,0.0,3.69,0.0,0.0,0.0,0.0,0.0,0.0,0.0
63.604,item8_regress,PARKED,0.0,0.0,0.0,2,0.0,3.69,0.0,0.0,0.0,0.0,0.0,0.0,0.0
63.704,item8_regress,PARKED,0.0,0.0,0.0,2,0.0,3.69,0.0,0.0,0.0,0.0,0.0,0.0,0.0
63.84,item8_regress,PARKED,0.0,0.0,0.0,2,0.0,3.661,0.0,0.0,0.0,0.0,0.0,0.0,0.0
63.903,item8_regress,PARKED,0.0,0.0,0.0,2,0.0,3.661,0.0,0.0,0.0,0.0,0.0,0.0,0.0
64.025,item8_regress,PARKED,0.0,0.0,0.0,2,0.0,3.671,0.0,0.0,0.0,0.0,0.0,0.0,0.0
64.104,item8_regress,PARKED,0.0,0.0,0.0,2,0.0,3.671,0.0,0.0,0.0,0.0,0.0,0.0,0.0
64.213,item8_regress,PARKED,0.0,0.0,0.0,2,0.0,3.689,0.0,0.0,0.0,0.0,0.0,0.0,0.0
64.34,item8_regress,PARKED,0.0,0.0,0.0,2,0.0,3.733,0.0,0.0,0.0,0.0,0.0,0.0,0.0
64.439,item8_regress,PARKED,0.0,0.0,0.0,2,0.0,3.751,0.0,0.0,0.0,0.0,0.0,0.0,0.0
64.503,item8_regress,PARKED,0.0,0.0,0.0,2,0.0,3.668,0.0,0.0,0.0,0.0,0.0,0.0,0.0
64.64,item8_regress,PARKED,0.0,0.0,0.0,2,0.0,3.647,0.0,0.0,0.0,0.0,0.0,0.0,0.0
64.703,item8_regress,PARKED,0.0,0.0,0.0,2,0.0,3.647,0.0,0.0,0.0,0.0,0.0,0.0,0.0
64.804,item8_regress,PARKED,0.0,0.0,0.0,2,0.0,3.647,0.0,0.0,0.0,0.0,0.0,0.0,0.0
64.913,item8_regress,PARKED,0.0,0.0,0.0,2,0.0,3.619,0.0,0.0,0.0,0.0,0.0,0.0,0.0
65.004,item8_regress,PARKED,0.0,0.0,0.0,2,0.0,3.643,0.0,0.0,0.0,0.0,0.0,0.0,0.0
65.104,item8_regress,PARKED,0.0,0.0,0.0,2,0.0,3.643,0.0,0.0,0.0,0.0,0.0,0.0,0.0
65.232,item8_regress,PARKED,0.0,0.0,0.0,2,0.0,3.687,0.0,0.0,0.0,0.0,0.0,0.0,0.0
65.349,item8_regress,PARKED,0.0,0.0,0.0,2,0.0,3.73,0.0,0.0,0.0,0.0,0.0,0.0,0.0
65.41,item8_regress,PARKED,0.0,0.0,0.0,2,0.0,3.73,0.0,0.0,0.0,0.0,0.0,0.0,0.0
65.504,item8_regress,PARKED,0.0,0.0,0.0,2,0.0,3.769,0.0,0.0,0.0,0.0,0.0,0.0,0.0
65.603,item8_regress,PARKED,0.0,0.0,0.0,2,0.0,3.769,0.0,0.0,0.0,0.0,0.0,0.0,0.0
65.703,item8_regress,PARKED,0.0,0.0,0.0,2,0.0,3.687,0.0,0.0,0.0,0.0,0.0,0.0,0.0
65.803,item8_regress,PARKED,0.0,0.0,0.0,2,0.0,3.687,0.0,0.0,0.0,0.0,0.0,0.0,0.0
65.923,item8_regress,PARKED,0.0,0.0,0.0,2,0.0,3.666,0.0,0.0,0.0,0.0,0.0,0.0,0.0
66.04,item8_regress,PARKED,0.0,0.0,0.0,2,0.0,3.666,0.0,0.0,0.0,0.0,0.0,0.0,0.0
66.143,item8_regress,PARKED,0.0,0.0,0.0,2,0.0,3.748,0.0,0.0,0.0,0.0,0.0,0.0,0.0
66.206,item8_regress,PARKED,0.0,0.0,0.0,2,0.0,3.737,0.0,0.0,0.0,0.0,0.0,0.0,0.0
66.315,item8_regress,PARKED,0.0,0.0,0.0,2,0.0,3.737,0.0,0.0,0.0,0.0,0.0,0.0,0.0
66.404,item8_regress,PARKED,0.0,0.0,0.0,2,0.0,3.724,0.0,0.0,0.0,0.0,0.0,0.0,0.0
66.504,item8_regress,PARKED,0.0,0.0,0.0,2,0.0,3.706,0.0,0.0,0.0,0.0,0.0,0.0,0.0
66.618,item8_regress,PARKED,0.0,0.0,0.0,2,0.0,3.777,0.0,0.0,0.0,0.0,0.0,0.0,0.0
66.703,item8_regress,PARKED,0.0,0.0,0.0,2,0.0,3.777,0.0,0.0,0.0,0.0,0.0,0.0,0.0
66.803,item8_regress,PARKED,0.0,0.0,0.0,2,0.0,3.777,0.0,0.0,0.0,0.0,0.0,0.0,0.0
66.903,item8_regress,PARKED,0.0,0.0,0.0,2,0.0,3.726,0.0,0.0,0.0,0.0,0.0,0.0,0.0
67.004,item8_regress,PARKED,0.0,0.0,0.0,2,0.0,3.726,0.0,0.0,0.0,0.0,0.0,0.0,0.0
67.103,item8_regress,PARKED,0.0,0.0,0.0,2,0.0,3.668,0.0,0.0,0.0,0.0,0.0,0.0,0.0
67.204,item8_regress,PARKED,0.0,0.0,0.0,2,0.0,3.668,0.0,0.0,0.0,0.0,0.0,0.0,0.0
67.31,item8_regress,PARKED,0.0,0.0,0.0,2,0.0,3.709,0.0,0.0,0.0,0.0,0.0,0.0,0.0
67.441,item8_regress,PARKED,0.0,0.0,0.0,2,0.0,3.708,0.0,0.0,0.0,0.0,0.0,0.0,0.0
67.504,item8_regress,PARKED,0.0,0.0,0.0,2,0.0,3.708,0.0,0.0,0.0,0.0,0.0,0.0,0.0
67.603,item8_regress,PARKED,0.0,0.0,0.0,2,0.0,3.749,0.0,0.0,0.0,0.0,0.0,0.0,0.0
67.703,item8_regress,PARKED,0.0,0.0,0.0,2,0.0,3.749,0.0,0.0,0.0,0.0,0.0,0.0,0.0
67.803,item8_regress,PARKED,0.0,0.0,0.0,2,0.0,3.77,0.0,0.0,0.0,0.0,0.0,0.0,0.0
67.933,item8_regress,PARKED,0.0,0.0,0.0,2,0.0,3.701,0.0,0.0,0.0,0.0,0.0,0.0,0.0
68.03,item8_regress,PARKED,0.0,0.0,0.0,2,0.0,3.68,0.0,0.0,0.0,0.0,0.0,0.0,0.0
68.104,item8_regress,PARKED,0.0,0.0,0.0,2,0.0,3.719,0.0,0.0,0.0,0.0,0.0,0.0,0.0
68.204,item8_regress,PARKED,0.0,0.0,0.0,2,0.0,3.719,0.0,0.0,0.0,0.0,0.0,0.0,0.0
68.344,item8_regress,PARKED,0.0,0.0,0.0,2,0.0,3.698,0.0,0.0,0.0,0.0,0.0,0.0,0.0
68.411,item8_regress,PARKED,0.0,0.0,0.0,2,0.0,3.67,0.0,0.0,0.0,0.0,0.0,0.0,0.0
68.523,item8_regress,PARKED,0.0,0.0,0.0,2,0.0,3.67,0.0,0.0,0.0,0.0,0.0,0.0,0.0
68.617,item8_regress,PARKED,0.0,0.0,0.0,2,0.0,3.757,0.0,0.0,0.0,0.0,0.0,0.0,0.0
68.72,item8_regress,PARKED,0.0,0.0,0.0,2,0.0,3.757,0.0,0.0,0.0,0.0,0.0,0.0,0.0
68.812,item8_regress,PARKED,0.0,0.0,0.0,2,0.0,3.732,0.0,0.0,0.0,0.0,0.0,0.0,0.0
68.904,item8_regress,PARKED,0.0,0.0,0.0,2,0.0,3.732,0.0,0.0,0.0,0.0,0.0,0.0,0.0
69.003,item8_regress,PARKED,0.0,0.0,0.0,2,0.0,3.732,0.0,0.0,0.0,0.0,0.0,0.0,0.0
69.103,item8_regress,PARKED,0.0,0.0,0.0,2,0.0,3.732,0.0,0.0,0.0,0.0,0.0,0.0,0.0
69.203,item8_regress,PARKED,0.0,0.0,0.0,2,0.0,3.732,0.0,0.0,0.0,0.0,0.0,0.0,0.0
69.315,item8_regress,PARKED,0.0,0.0,0.0,2,0.0,3.705,0.0,0.0,0.0,0.0,0.0,0.0,0.0
69.442,item8_regress,PARKED,0.0,0.0,0.0,2,0.0,3.742,0.0,0.0,0.0,0.0,0.0,0.0,0.0
69.503,item8_regress,PARKED,0.0,0.0,0.0,2,0.0,3.742,0.0,0.0,0.0,0.0,0.0,0.0,0.0
69.604,item8_regress,PARKED,0.0,0.0,0.0,2,0.0,3.685,0.0,0.0,0.0,0.0,0.0,0.0,0.0
69.703,item8_regress,PARKED,0.0,0.0,0.0,2,0.0,3.669,0.0,0.0,0.0,0.0,0.0,0.0,0.0
69.836,item8_regress,PARKED,0.0,0.0,0.0,2,0.0,3.782,0.0,0.0,0.0,0.0,0.0,0.0,0.0
69.905,item8_regress,PARKED,0.0,0.0,0.0,2,0.0,3.782,0.0,0.0,0.0,0.0,0.0,0.0,0.0
70.003,item8_regress,PARKED,0.0,0.0,0.0,2,0.0,3.782,0.0,0.0,0.0,0.0,0.0,0.0,0.0
70.103,item8_regress,PARKED,0.0,0.0,0.0,2,0.0,3.782,0.0,0.0,0.0,0.0,0.0,0.0,0.0
70.203,item8_regress,PARKED,0.0,0.0,0.0,2,0.0,3.782,0.0,0.0,0.0,0.0,0.0,0.0,0.0
70.315,item8_regress,PARKED,0.0,0.0,0.0,2,0.0,3.664,0.0,0.0,0.0,0.0,0.0,0.0,0.0
70.405,item8_regress,PARKED,0.0,0.0,0.0,2,0.0,3.767,0.0,0.0,0.0,0.0,0.0,0.0,0.0
70.503,item8_regress,PARKED,0.0,0.0,0.0,2,0.0,3.794,0.0,0.0,0.0,0.0,0.0,0.0,0.0
70.612,item8_regress,PARKED,0.0,0.0,0.0,2,0.0,3.794,0.0,0.0,0.0,0.0,0.0,0.0,0.0
70.704,item8_regress,PARKED,0.0,0.0,0.0,2,0.0,3.705,0.0,0.0,0.0,0.0,0.0,0.0,0.0
70.848,item8_regress,PARKED,0.0,0.0,0.0,2,0.0,3.705,0.0,0.0,0.0,0.0,0.0,0.0,0.0
70.923,item8_regress,PARKED,0.0,0.0,0.0,2,0.0,3.735,0.0,0.0,0.0,0.0,0.0,0.0,0.0
71.003,item8_regress,PARKED,0.0,0.0,0.0,2,0.0,3.735,0.0,0.0,0.0,0.0,0.0,0.0,0.0
71.104,item8_regress,PARKED,0.0,0.0,0.0,2,0.0,3.735,0.0,0.0,0.0,0.0,0.0,0.0,0.0
71.203,item8_regress,PARKED,0.0,0.0,0.0,2,0.0,3.735,0.0,0.0,0.0,0.0,0.0,0.0,0.0
71.325,item8_regress,PARKED,0.0,0.0,0.0,2,0.0,3.712,0.0,0.0,0.0,0.0,0.0,0.0,0.0
71.403,item8_regress,PARKED,0.0,0.0,0.0,2,0.0,3.74,0.0,0.0,0.0,0.0,0.0,0.0,0.0
71.529,item8_regress,PARKED,0.0,0.0,0.0,2,0.0,3.74,0.0,0.0,0.0,0.0,0.0,0.0,0.0
71.604,item8_regress,PARKED,0.0,0.0,0.0,2,0.0,3.74,0.0,0.0,0.0,0.0,0.0,0.0,0.0
71.723,item8_regress,PARKED,0.0,0.0,0.0,2,0.0,3.738,0.0,0.0,0.0,0.0,0.0,0.0,0.0
71.804,item8_regress,PARKED,0.0,0.0,0.0,2,0.0,3.738,0.0,0.0,0.0,0.0,0.0,0.0,0.0
71.927,item8_regress,PARKED,0.0,0.0,0.0,2,0.0,3.749,0.0,0.0,0.0,0.0,0.0,0.0,0.0
72.003,item8_regress,PARKED,0.0,0.0,0.0,2,0.0,3.749,0.0,0.0,0.0,0.0,0.0,0.0,0.0
72.136,item8_regress,PARKED,0.0,0.0,0.0,2,0.0,3.708,0.0,0.0,0.0,0.0,0.0,0.0,0.0
72.203,item8_regress,PARKED,0.0,0.0,0.0,2,0.0,3.708,0.0,0.0,0.0,0.0,0.0,0.0,0.0
72.304,item8_regress,PARKED,0.0,0.0,0.0,2,0.0,3.648,0.0,0.0,0.0,0.0,0.0,0.0,0.0
72.404,item8_regress,PARKED,0.0,0.0,0.0,2,0.0,3.627,0.0,0.0,0.0,0.0,0.0,0.0,0.0
72.503,item8_regress,PARKED,0.0,0.0,0.0,2,0.0,3.679,0.0,0.0,0.0,0.0,0.0,0.0,0.0
72.614,item8_regress,PARKED,0.0,0.0,0.0,2,0.0,3.671,0.0,0.0,0.0,0.0,0.0,0.0,0.0
72.732,item8_regress,PARKED,0.0,0.0,0.0,2,0.0,3.706,0.0,0.0,0.0,0.0,0.0,0.0,0.0
72.804,item8_regress,PARKED,0.0,0.0,0.0,2,0.0,3.706,0.0,0.0,0.0,0.0,0.0,0.0,0.0
72.903,item8_regress,PARKED,0.0,0.0,0.0,2,0.0,3.706,0.0,0.0,0.0,0.0,0.0,0.0,0.0
73.003,item8_regress,PARKED,0.0,0.0,0.0,2,0.0,3.707,0.0,0.0,0.0,0.0,0.0,0.0,0.0
73.111,item8_regress,PARKED,0.0,0.0,0.0,2,0.0,3.668,0.0,0.0,0.0,0.0,0.0,0.0,0.0
73.203,item8_regress,PARKED,0.0,0.0,0.0,2,0.0,3.668,0.0,0.0,0.0,0.0,0.0,0.0,0.0
73.303,item8_regress,PARKED,0.0,0.0,0.0,2,0.0,3.668,0.0,0.0,0.0,0.0,0.0,0.0,0.0
73.403,item8_regress,PARKED,0.0,0.0,0.0,2,0.0,3.668,0.0,0.0,0.0,0.0,0.0,0.0,0.0
73.551,item8_regress,PARKED,0.0,0.0,0.0,2,0.0,3.652,0.0,0.0,0.0,0.0,0.0,0.0,0.0
73.611,item8_regress,PARKED,0.0,0.0,0.0,2,0.0,3.652,0.0,0.0,0.0,0.0,0.0,0.0,0.0
73.703,item8_regress,PARKED,0.0,0.0,0.0,2,0.0,3.741,0.0,0.0,0.0,0.0,0.0,0.0,0.0
73.803,item8_regress,PARKED,0.0,0.0,0.0,2,0.0,3.738,0.0,0.0,0.0,0.0,0.0,0.0,0.0
73.915,item8_regress,PARKED,0.0,0.0,0.0,2,0.0,3.749,0.0,0.0,0.0,0.0,0.0,0.0,0.0
74.004,item8_regress,PARKED,0.0,0.0,0.0,2,0.0,3.749,0.0,0.0,0.0,0.0,0.0,0.0,0.0
74.104,item8_regress,PARKED,0.0,0.0,0.0,2,0.0,3.79,0.0,0.0,0.0,0.0,0.0,0.0,0.0
74.221,item8_regress,PARKED,0.0,0.0,0.0,2,0.0,3.708,0.0,0.0,0.0,0.0,0.0,0.0,0.0
74.303,item8_regress,PARKED,0.0,0.0,0.0,2,0.0,3.708,0.0,0.0,0.0,0.0,0.0,0.0,0.0
74.404,item8_regress,PARKED,0.0,0.0,0.0,2,0.0,3.708,0.0,0.0,0.0,0.0,0.0,0.0,0.0
74.503,item8_regress,PARKED,0.0,0.0,0.0,2,0.0,3.708,0.0,0.0,0.0,0.0,0.0,0.0,0.0
74.634,item8_regress,PARKED,0.0,0.0,0.0,2,0.0,3.752,0.0,0.0,0.0,0.0,0.0,0.0,0.0
74.703,item8_regress,PARKED,0.0,0.0,0.0,2,0.0,3.752,0.0,0.0,0.0,0.0,0.0,0.0,0.0
74.803,item8_regress,PARKED,0.0,0.0,0.0,2,0.0,3.735,0.0,0.0,0.0,0.0,0.0,0.0,0.0
74.942,item8_regress,PARKED,0.0,0.0,0.0,2,0.0,3.729,0.0,0.0,0.0,0.0,0.0,0.0,0.0
75.003,item8_regress,PARKED,0.0,0.0,0.0,2,0.0,3.729,0.0,0.0,0.0,0.0,0.0,0.0,0.0
75.103,item8_regress,PARKED,0.0,0.0,0.0,2,0.0,3.729,0.0,0.0,0.0,0.0,0.0,0.0,0.0
75.204,item8_regress,PARKED,0.0,0.0,0.0,2,0.0,3.724,0.0,0.0,0.0,0.0,0.0,0.0,0.0
75.303,item8_regress,PARKED,0.0,0.0,0.0,2,0.0,3.723,0.0,0.0,0.0,0.0,0.0,0.0,0.0
75.403,item8_regress,PARKED,0.0,0.0,0.0,2,0.0,3.723,0.0,0.0,0.0,0.0,0.0,0.0,0.0
75.549,item8_regress,PARKED,0.0,0.0,0.0,2,0.0,3.688,0.0,0.0,0.0,0.0,0.0,0.0,0.0
75.608,item8_regress,PARKED,0.0,0.0,0.0,2,0.0,3.694,0.0,0.0,0.0,0.0,0.0,0.0,0.0
75.742,item8_regress,PARKED,0.0,0.0,0.0,2,0.0,3.692,0.0,0.0,0.0,0.0,0.0,0.0,0.0
75.805,item8_regress,PARKED,0.0,0.0,0.0,2,0.0,3.692,0.0,0.0,0.0,0.0,0.0,0.0,0.0
75.904,item8_regress,PARKED,0.0,0.0,0.0,2,0.0,3.77,0.0,0.0,0.0,0.0,0.0,0.0,0.0
76.017,item8_regress,PARKED,0.0,0.0,0.0,2,0.0,3.705,0.0,0.0,0.0,0.0,0.0,0.0,0.0
76.104,item8_regress,PARKED,0.0,0.0,0.0,2,0.0,3.739,0.0,0.0,0.0,0.0,0.0,0.0,0.0
76.204,item8_regress,PARKED,0.0,0.0,0.0,2,0.0,3.671,0.0,0.0,0.0,0.0,0.0,0.0,0.0
76.317,item8_regress,PARKED,0.0,0.0,0.0,2,0.0,3.671,0.0,0.0,0.0,0.0,0.0,0.0,0.0
76.404,item8_regress,PARKED,0.0,0.0,0.0,2,0.0,3.671,0.0,0.0,0.0,0.0,0.0,0.0,0.0
76.503,item8_regress,PARKED,0.0,0.0,0.0,2,0.0,3.671,0.0,0.0,0.0,0.0,0.0,0.0,0.0
76.604,item8_regress,PARKED,0.0,0.0,0.0,2,0.0,3.671,0.0,0.0,0.0,0.0,0.0,0.0,0.0
76.703,item8_regress,PARKED,0.0,0.0,0.0,2,0.0,3.671,0.0,0.0,0.0,0.0,0.0,0.0,0.0
76.803,item8_regress,PARKED,0.0,0.0,0.0,2,0.0,3.729,0.0,0.0,0.0,0.0,0.0,0.0,0.0
76.904,item8_regress,PARKED,0.0,0.0,0.0,2,0.0,3.729,0.0,0.0,0.0,0.0,0.0,0.0,0.0
77.003,item8_regress,PARKED,0.0,0.0,0.0,2,0.0,3.729,0.0,0.0,0.0,0.0,0.0,0.0,0.0
77.103,item8_regress,PARKED,0.0,0.0,0.0,2,0.0,3.729,0.0,0.0,0.0,0.0,0.0,0.0,0.0
77.228,item8_regress,PARKED,0.0,0.0,0.0,2,0.0,3.739,0.0,0.0,0.0,0.0,0.0,0.0,0.0
77.304,item8_regress,PARKED,0.0,0.0,0.0,2,0.0,3.665,0.0,0.0,0.0,0.0,0.0,0.0,0.0
77.404,item8_regress,PARKED,0.0,0.0,0.0,2,0.0,3.646,0.0,0.0,0.0,0.0,0.0,0.0,0.0
77.504,item8_regress,PARKED,0.0,0.0,0.0,2,0.0,3.646,0.0,0.0,0.0,0.0,0.0,0.0,0.0
77.642,item8_regress,PARKED,0.0,0.0,0.0,2,0.0,3.748,0.0,0.0,0.0,0.0,0.0,0.0,0.0
77.704,item8_regress,PARKED,0.0,0.0,0.0,2,0.0,3.748,0.0,0.0,0.0,0.0,0.0,0.0,0.0
77.803,item8_regress,PARKED,0.0,0.0,0.0,2,0.0,3.748,0.0,0.0,0.0,0.0,0.0,0.0,0.0
77.904,item8_regress,PARKED,0.0,0.0,0.0,2,0.0,3.686,0.0,0.0,0.0,0.0,0.0,0.0,0.0
78.003,item8_regress,PARKED,0.0,0.0,0.0,2,0.0,3.686,0.0,0.0,0.0,0.0,0.0,0.0,0.0
78.104,item8_regress,PARKED,0.0,0.0,0.0,2,0.0,3.755,0.0,0.0,0.0,0.0,0.0,0.0,0.0
78.204,item8_regress,PARKED,0.0,0.0,0.0,2,0.0,3.677,0.0,0.0,0.0,0.0,0.0,0.0,0.0
78.303,item8_regress,PARKED,0.0,0.0,0.0,2,0.0,3.751,0.0,0.0,0.0,0.0,0.0,0.0,0.0
78.452,item8_regress,PARKED,0.0,0.0,0.0,2,0.0,3.777,0.0,0.0,0.0,0.0,0.0,0.0,0.0
78.504,item8_regress,PARKED,0.0,0.0,0.0,2,0.0,3.777,0.0,0.0,0.0,0.0,0.0,0.0,0.0
78.603,item8_regress,PARKED,0.0,0.0,0.0,2,0.0,3.777,0.0,0.0,0.0,0.0,0.0,0.0,0.0
78.738,item8_regress,PARKED,0.0,0.0,0.0,2,0.0,3.754,0.0,0.0,0.0,0.0,0.0,0.0,0.0
78.803,item8_regress,PARKED,0.0,0.0,0.0,2,0.0,3.754,0.0,0.0,0.0,0.0,0.0,0.0,0.0
78.935,item8_regress,PARKED,0.0,0.0,0.0,2,0.0,3.682,0.0,0.0,0.0,0.0,0.0,0.0,0.0
79.004,item8_regress,PARKED,0.0,0.0,0.0,2,0.0,3.677,0.0,0.0,0.0,0.0,0.0,0.0,0.0
79.126,item8_regress,PARKED,0.0,0.0,0.0,2,0.0,3.677,0.0,0.0,0.0,0.0,0.0,0.0,0.0
79.237,item8_regress,PARKED,0.0,0.0,0.0,2,0.0,3.808,0.0,0.0,0.0,0.0,0.0,0.0,0.0
79.304,item8_regress,PARKED,0.0,0.0,0.0,2,0.0,3.79,0.0,0.0,0.0,0.0,0.0,0.0,0.0
79.437,item8_regress,PARKED,0.0,0.0,0.0,2,0.0,3.75,0.0,0.0,0.0,0.0,0.0,0.0,0.0
79.504,item8_regress,PARKED,0.0,0.0,0.0,2,0.0,3.75,0.0,0.0,0.0,0.0,0.0,0.0,0.0
79.604,item8_regress,PARKED,0.0,0.0,0.0,2,0.0,3.732,0.0,0.0,0.0,0.0,0.0,0.0,0.0
79.703,item8_regress,PARKED,0.0,0.0,0.0,2,0.0,3.732,0.0,0.0,0.0,0.0,0.0,0.0,0.0
79.803,item8_regress,PARKED,0.0,0.0,0.0,2,0.0,3.694,0.0,0.0,0.0,0.0,0.0,0.0,0.0
79.913,item8_regress,PARKED,0.0,0.0,0.0,2,0.0,3.761,0.0,0.0,0.0,0.0,0.0,0.0,0.0
80.033,item8_regress,PARKED,0.0,0.0,0.0,2,0.0,3.761,0.0,0.0,0.0,0.0,0.0,0.0,0.0
80.113,item8_regress,PARKED,0.0,0.0,0.0,2,0.0,3.74,0.0,0.0,0.0,0.0,0.0,0.0,0.0
80.208,item8_regress,PARKED,0.0,0.0,0.0,2,0.0,3.734,0.0,0.0,0.0,0.0,0.0,0.0,0.0
80.304,item8_regress,PARKED,0.0,0.0,0.0,2,0.0,3.731,0.0,0.0,0.0,0.0,0.0,0.0,0.0
80.403,item8_regress,PARKED,0.0,0.0,0.0,2,0.0,3.731,0.0,0.0,0.0,0.0,0.0,0.0,0.0
80.529,item8_regress,PARKED,0.0,0.0,0.0,2,0.0,3.731,0.0,0.0,0.0,0.0,0.0,0.0,0.0
80.61,item8_regress,PARKED,0.0,0.0,0.0,2,0.0,3.68,0.0,0.0,0.0,0.0,0.0,0.0,0.0
80.703,item8_regress,PARKED,0.0,0.0,0.0,2,0.0,3.68,0.0,0.0,0.0,0.0,0.0,0.0,0.0
80.805,item8_regress,PARKED,0.0,0.0,0.0,2,0.0,3.768,0.0,0.0,0.0,0.0,0.0,0.0,0.0
80.903,item8_regress,PARKED,0.0,0.0,0.0,2,0.0,3.692,0.0,0.0,0.0,0.0,0.0,0.0,0.0
81.011,item8_regress,PARKED,0.0,0.0,0.0,2,0.0,3.671,0.0,0.0,0.0,0.0,0.0,0.0,0.0
81.121,item8_regress,PARKED,0.0,0.0,0.0,2,0.0,3.665,0.0,0.0,0.0,0.0,0.0,0.0,0.0
81.203,item8_regress,PARKED,0.0,0.0,0.0,2,0.0,3.665,0.0,0.0,0.0,0.0,0.0,0.0,0.0
81.304,item8_regress,PARKED,0.0,0.0,0.0,2,0.0,3.665,0.0,0.0,0.0,0.0,0.0,0.0,0.0
81.438,item8_regress,PARKED,0.0,0.0,0.0,2,0.0,3.732,0.0,0.0,0.0,0.0,0.0,0.0,0.0
81.503,item8_regress,PARKED,0.0,0.0,0.0,2,0.0,3.732,0.0,0.0,0.0,0.0,0.0,0.0,0.0
81.604,item8_regress,PARKED,0.0,0.0,0.0,2,0.0,3.7,0.0,0.0,0.0,0.0,0.0,0.0,0.0
81.704,item8_regress,PARKED,0.0,0.0,0.0,2,0.0,3.749,0.0,0.0,0.0,0.0,0.0,0.0,0.0
81.804,item8_regress,PARKED,0.0,0.0,0.0,2,0.0,3.749,0.0,0.0,0.0,0.0,0.0,0.0,0.0
81.903,item8_regress,PARKED,0.0,0.0,0.0,2,0.0,3.749,0.0,0.0,0.0,0.0,0.0,0.0,0.0
82.003,item8_regress,PARKED,0.0,0.0,0.0,2,0.0,3.749,0.0,0.0,0.0,0.0,0.0,0.0,0.0
82.11,item8_regress,PARKED,0.0,0.0,0.0,2,0.0,3.681,0.0,0.0,0.0,0.0,0.0,0.0,0.0
82.203,item8_regress,PARKED,0.0,0.0,0.0,2,0.0,3.714,0.0,0.0,0.0,0.0,0.0,0.0,0.0
82.304,item8_regress,PARKED,0.0,0.0,0.0,2,0.0,3.714,0.0,0.0,0.0,0.0,0.0,0.0,0.0
82.436,item8_regress,PARKED,0.0,0.0,0.0,2,0.0,3.752,0.0,0.0,0.0,0.0,0.0,0.0,0.0
82.503,item8_regress,PARKED,0.0,0.0,0.0,2,0.0,3.752,0.0,0.0,0.0,0.0,0.0,0.0,0.0
82.612,item8_regress,PARKED,0.0,0.0,0.0,2,0.0,3.754,0.0,0.0,0.0,0.0,0.0,0.0,0.0
82.704,item8_regress,PARKED,0.0,0.0,0.0,2,0.0,3.754,0.0,0.0,0.0,0.0,0.0,0.0,0.0
82.804,item8_regress,PARKED,0.0,0.0,0.0,2,0.0,3.752,0.0,0.0,0.0,0.0,0.0,0.0,0.0
82.903,item8_regress,PARKED,0.0,0.0,0.0,2,0.0,3.752,0.0,0.0,0.0,0.0,0.0,0.0,0.0
83.003,item8_regress,PARKED,0.0,0.0,0.0,2,0.0,3.752,0.0,0.0,0.0,0.0,0.0,0.0,0.0
83.123,item8_regress,PARKED,0.0,0.0,0.0,2,0.0,3.695,0.0,0.0,0.0,0.0,0.0,0.0,0.0
83.203,item8_regress,PARKED,0.0,0.0,0.0,2,0.0,3.695,0.0,0.0,0.0,0.0,0.0,0.0,0.0
83.304,item8_regress,PARKED,0.0,0.0,0.0,2,0.0,3.695,0.0,0.0,0.0,0.0,0.0,0.0,0.0
83.44,item8_regress,PARKED,0.0,0.0,0.0,2,0.0,3.718,0.0,0.0,0.0,0.0,0.0,0.0,0.0
83.503,item8_regress,PARKED,0.0,0.0,0.0,2,0.0,3.718,0.0,0.0,0.0,0.0,0.0,0.0,0.0
83.604,item8_regress,PARKED,0.0,0.0,0.0,2,0.0,3.743,0.0,0.0,0.0,0.0,0.0,0.0,0.0
83.705,item8_regress,PARKED,0.0,0.0,0.0,2,0.0,3.735,0.0,0.0,0.0,0.0,0.0,0.0,0.0
83.851,item8_regress,PARKED,0.0,0.0,0.0,2,0.0,3.74,0.0,0.0,0.0,0.0,0.0,0.0,0.0
83.904,item8_regress,PARKED,0.0,0.0,0.0,2,0.0,3.74,0.0,0.0,0.0,0.0,0.0,0.0,0.0
84.003,item8_regress,PARKED,0.0,0.0,0.0,2,0.0,3.74,0.0,0.0,0.0,0.0,0.0,0.0,0.0
84.138,item8_regress,PARKED,0.0,0.0,0.0,2,0.0,3.727,0.0,0.0,0.0,0.0,0.0,0.0,0.0
84.203,item8_regress,PARKED,0.0,0.0,0.0,2,0.0,3.7,0.0,0.0,0.0,0.0,0.0,0.0,0.0
84.304,item8_regress,PARKED,0.0,0.0,0.0,2,0.0,3.7,0.0,0.0,0.0,0.0,0.0,0.0,0.0
84.405,item8_regress,PARKED,0.0,0.0,0.0,2,0.0,3.682,0.0,0.0,0.0,0.0,0.0,0.0,0.0
84.503,item8_regress,PARKED,0.0,0.0,0.0,2,0.0,3.714,0.0,0.0,0.0,0.0,0.0,0.0,0.0
84.627,item8_regress,PARKED,0.0,0.0,0.0,2,0.0,3.661,0.0,0.0,0.0,0.0,0.0,0.0,0.0
84.704,item8_regress,PARKED,0.0,0.0,0.0,2,0.0,3.648,0.0,0.0,0.0,0.0,0.0,0.0,0.0
84.847,item8_regress,PARKED,0.0,0.0,0.0,2,0.0,3.69,0.0,0.0,0.0,0.0,0.0,0.0,0.0
84.903,item8_regress,PARKED,0.0,0.0,0.0,2,0.0,3.69,0.0,0.0,0.0,0.0,0.0,0.0,0.0
85.004,item8_regress,PARKED,0.0,0.0,0.0,2,0.0,3.69,0.0,0.0,0.0,0.0,0.0,0.0,0.0
85.104,item8_regress,PARKED,0.0,0.0,0.0,2,0.0,3.726,0.0,0.0,0.0,0.0,0.0,0.0,0.0
85.203,item8_regress,PARKED,0.0,0.0,0.0,2,0.0,3.713,0.0,0.0,0.0,0.0,0.0,0.0,0.0
85.304,item8_regress,PARKED,0.0,0.0,0.0,2,0.0,3.709,0.0,0.0,0.0,0.0,0.0,0.0,0.0
85.404,item8_regress,PARKED,0.0,0.0,0.0,2,0.0,3.75,0.0,0.0,0.0,0.0,0.0,0.0,0.0
85.526,item8_regress,PARKED,0.0,0.0,0.0,2,0.0,3.699,0.0,0.0,0.0,0.0,0.0,0.0,0.0
85.604,item8_regress,PARKED,0.0,0.0,0.0,2,0.0,3.699,0.0,0.0,0.0,0.0,0.0,0.0,0.0
85.702,item8_regress,PARKED,0.0,0.0,0.0,2,0.0,3.658,0.0,0.0,0.0,0.0,0.0,0.0,0.0
85.824,item8_regress,PARKED,0.0,0.0,0.0,2,0.0,3.658,0.0,0.0,0.0,0.0,0.0,0.0,0.0
85.904,item8_regress,PARKED,0.0,0.0,0.0,2,0.0,3.658,0.0,0.0,0.0,0.0,0.0,0.0,0.0
86.003,item8_regress,PARKED,0.0,0.0,0.0,2,0.0,3.687,0.0,0.0,0.0,0.0,0.0,0.0,0.0
86.104,item8_regress,PARKED,0.0,0.0,0.0,2,0.0,3.687,0.0,0.0,0.0,0.0,0.0,0.0,0.0
86.203,item8_regress,PARKED,0.0,0.0,0.0,2,0.0,3.687,0.0,0.0,0.0,0.0,0.0,0.0,0.0
86.303,item8_regress,PARKED,0.0,0.0,0.0,2,0.0,3.683,0.0,0.0,0.0,0.0,0.0,0.0,0.0
86.408,item8_regress,PARKED,0.0,0.0,0.0,2,0.0,3.755,0.0,0.0,0.0,0.0,0.0,0.0,0.0
86.546,item8_regress,PARKED,0.0,0.0,0.0,2,0.0,3.775,0.0,0.0,0.0,0.0,0.0,0.0,0.0
86.605,item8_regress,PARKED,0.0,0.0,0.0,2,0.0,3.769,0.0,0.0,0.0,0.0,0.0,0.0,0.0
86.703,item8_regress,PARKED,0.0,0.0,0.0,2,0.0,3.808,0.0,0.0,0.0,0.0,0.0,0.0,0.0
86.804,item8_regress,PARKED,0.0,0.0,0.0,2,0.0,3.808,0.0,0.0,0.0,0.0,0.0,0.0,0.0
86.916,item8_regress,PARKED,0.0,0.0,0.0,2,0.0,3.711,0.0,0.0,0.0,0.0,0.0,0.0,0.0
87.004,item8_regress,PARKED,0.0,0.0,0.0,2,0.0,3.711,0.0,0.0,0.0,0.0,0.0,0.0,0.0
87.103,item8_regress,PARKED,0.0,0.0,0.0,2,0.0,3.711,0.0,0.0,0.0,0.0,0.0,0.0,0.0
87.204,item8_regress,PARKED,0.0,0.0,0.0,2,0.0,3.711,0.0,0.0,0.0,0.0,0.0,0.0,0.0
87.335,item8_regress,PARKED,0.0,0.0,0.0,2,0.0,3.664,0.0,0.0,0.0,0.0,0.0,0.0,0.0
87.404,item8_regress,PARKED,0.0,0.0,0.0,2,0.0,3.664,0.0,0.0,0.0,0.0,0.0,0.0,0.0
87.503,item8_regress,PARKED,0.0,0.0,0.0,2,0.0,3.664,0.0,0.0,0.0,0.0,0.0,0.0,0.0
87.604,item8_regress,PARKED,0.0,0.0,0.0,2,0.0,3.693,0.0,0.0,0.0,0.0,0.0,0.0,0.0
87.703,item8_regress,PARKED,0.0,0.0,0.0,2,0.0,3.667,0.0,0.0,0.0,0.0,0.0,0.0,0.0
87.804,item8_regress,PARKED,0.0,0.0,0.0,2,0.0,3.667,0.0,0.0,0.0,0.0,0.0,0.0,0.0
87.903,item8_regress,PARKED,0.0,0.0,0.0,2,0.0,3.704,0.0,0.0,0.0,0.0,0.0,0.0,0.0
88.01,item8_regress,PARKED,0.0,0.0,0.0,2,0.0,3.686,0.0,0.0,0.0,0.0,0.0,0.0,0.0
88.104,item8_regress,PARKED,0.0,0.0,0.0,2,0.0,3.756,0.0,0.0,0.0,0.0,0.0,0.0,0.0
88.204,item8_regress,PARKED,0.0,0.0,0.0,2,0.0,3.756,0.0,0.0,0.0,0.0,0.0,0.0,0.0
88.303,item8_regress,PARKED,0.0,0.0,0.0,2,0.0,3.756,0.0,0.0,0.0,0.0,0.0,0.0,0.0
88.403,item8_regress,PARKED,0.0,0.0,0.0,2,0.0,3.756,0.0,0.0,0.0,0.0,0.0,0.0,0.0
88.518,item8_regress,PARKED,0.0,0.0,0.0,2,0.0,3.705,0.0,0.0,0.0,0.0,0.0,0.0,0.0
88.603,item8_regress,PARKED,0.0,0.0,0.0,2,0.0,3.692,0.0,0.0,0.0,0.0,0.0,0.0,0.0
88.703,item8_regress,PARKED,0.0,0.0,0.0,2,0.0,3.692,0.0,0.0,0.0,0.0,0.0,0.0,0.0
88.804,item8_regress,PARKED,0.0,0.0,0.0,2,0.0,3.718,0.0,0.0,0.0,0.0,0.0,0.0,0.0
88.904,item8_regress,PARKED,0.0,0.0,0.0,2,0.0,3.756,0.0,0.0,0.0,0.0,0.0,0.0,0.0
89.004,item8_regress,PARKED,0.0,0.0,0.0,2,0.0,3.756,0.0,0.0,0.0,0.0,0.0,0.0,0.0
89.103,item8_regress,PARKED,0.0,0.0,0.0,2,0.0,3.729,0.0,0.0,0.0,0.0,0.0,0.0,0.0
89.204,item8_regress,PARKED,0.0,0.0,0.0,2,0.0,3.684,0.0,0.0,0.0,0.0,0.0,0.0,0.0
89.303,item8_regress,PARKED,0.0,0.0,0.0,2,0.0,3.684,0.0,0.0,0.0,0.0,0.0,0.0,0.0
89.449,item8_regress,PARKED,0.0,0.0,0.0,2,0.0,3.689,0.0,0.0,0.0,0.0,0.0,0.0,0.0
89.503,item8_regress,PARKED,0.0,0.0,0.0,2,0.0,3.689,0.0,0.0,0.0,0.0,0.0,0.0,0.0
89.604,item8_regress,PARKED,0.0,0.0,0.0,2,0.0,3.689,0.0,0.0,0.0,0.0,0.0,0.0,0.0
89.71,item8_regress,PARKED,0.0,0.0,0.0,2,0.0,3.757,0.0,0.0,0.0,0.0,0.0,0.0,0.0
89.803,item8_regress,PARKED,0.0,0.0,0.0,2,0.0,3.773,0.0,0.0,0.0,0.0,0.0,0.0,0.0
89.935,item8_regress,PARKED,0.0,0.0,0.0,2,0.0,3.73,0.0,0.0,0.0,0.0,0.0,0.0,0.0
90.003,item8_regress,PARKED,0.0,0.0,0.0,2,0.0,3.73,0.0,0.0,0.0,0.0,0.0,0.0,0.0
90.104,item8_regress,PARKED,0.0,0.0,0.0,2,0.0,3.73,0.0,0.0,0.0,0.0,0.0,0.0,0.0
90.203,item8_regress,PARKED,0.0,0.0,0.0,2,0.0,3.688,0.0,0.0,0.0,0.0,0.0,0.0,0.0
90.303,item8_regress,PARKED,0.0,0.0,0.0,2,0.0,3.688,0.0,0.0,0.0,0.0,0.0,0.0,0.0
90.403,item8_regress,PARKED,0.0,0.0,0.0,2,0.0,3.784,0.0,0.0,0.0,0.0,0.0,0.0,0.0
90.503,item8_regress,PARKED,0.0,0.0,0.0,2,0.0,3.747,0.0,0.0,0.0,0.0,0.0,0.0,0.0
90.603,item8_regress,PARKED,0.0,0.0,0.0,2,0.0,3.837,0.0,0.0,0.0,0.0,0.0,0.0,0.0
90.72,item8_regress,PARKED,0.0,0.0,0.0,2,0.0,3.743,0.0,0.0,0.0,0.0,0.0,0.0,0.0
90.804,item8_regress,PARKED,0.0,0.0,0.0,2,0.0,3.662,0.0,0.0,0.0,0.0,0.0,0.0,0.0
90.932,item8_regress,PARKED,0.0,0.0,0.0,2,0.0,3.662,0.0,0.0,0.0,0.0,0.0,0.0,0.0
91.004,item8_regress,PARKED,0.0,0.0,0.0,2,0.0,3.662,0.0,0.0,0.0,0.0,0.0,0.0,0.0
91.151,item8_regress,PARKED,0.0,0.0,0.0,2,0.0,3.776,0.0,0.0,0.0,0.0,0.0,0.0,0.0
91.213,item8_regress,PARKED,0.0,0.0,0.0,2,0.0,3.739,0.0,0.0,0.0,0.0,0.0,0.0,0.0
91.303,item8_regress,PARKED,0.0,0.0,0.0,2,0.0,3.739,0.0,0.0,0.0,0.0,0.0,0.0,0.0
91.403,item8_regress,PARKED,0.0,0.0,0.0,2,0.0,3.739,0.0,0.0,0.0,0.0,0.0,0.0,0.0
91.552,item8_regress,PARKED,0.0,0.0,0.0,2,0.0,3.771,0.0,0.0,0.0,0.0,0.0,0.0,0.0
91.603,item8_regress,PARKED,0.0,0.0,0.0,2,0.0,3.771,0.0,0.0,0.0,0.0,0.0,0.0,0.0
91.732,item8_regress,PARKED,0.0,0.0,0.0,2,0.0,3.774,0.0,0.0,0.0,0.0,0.0,0.0,0.0
91.802,item8_regress,PARKED,0.0,0.0,0.0,2,0.0,3.742,0.0,0.0,0.0,0.0,0.0,0.0,0.0
91.903,item8_regress,PARKED,0.0,0.0,0.0,2,0.0,3.742,0.0,0.0,0.0,0.0,0.0,0.0,0.0
92.004,item8_regress,PARKED,0.0,0.0,0.0,2,0.0,3.679,0.0,0.0,0.0,0.0,0.0,0.0,0.0
92.112,item8_regress,PARKED,0.0,0.0,0.0,2,0.0,3.689,0.0,0.0,0.0,0.0,0.0,0.0,0.0
92.204,item8_regress,PARKED,0.0,0.0,0.0,2,0.0,3.696,0.0,0.0,0.0,0.0,0.0,0.0,0.0
92.303,item8_regress,PARKED,0.0,0.0,0.0,2,0.0,3.696,0.0,0.0,0.0,0.0,0.0,0.0,0.0
92.403,item8_regress,PARKED,0.0,0.0,0.0,2,0.0,3.696,0.0,0.0,0.0,0.0,0.0,0.0,0.0
92.521,item8_regress,PARKED,0.0,0.0,0.0,2,0.0,3.719,0.0,0.0,0.0,0.0,0.0,0.0,0.0
92.603,item8_regress,PARKED,0.0,0.0,0.0,2,0.0,3.74,0.0,0.0,0.0,0.0,0.0,0.0,0.0
92.703,item8_regress,PARKED,0.0,0.0,0.0,2,0.0,3.747,0.0,0.0,0.0,0.0,0.0,0.0,0.0
92.83,item8_regress,PARKED,0.0,0.0,0.0,2,0.0,3.693,0.0,0.0,0.0,0.0,0.0,0.0,0.0
92.905,item8_regress,PARKED,0.0,0.0,0.0,2,0.0,3.663,0.0,0.0,0.0,0.0,0.0,0.0,0.0
93.007,item8_regress,PARKED,0.0,0.0,0.0,2,0.0,3.691,0.0,0.0,0.0,0.0,0.0,0.0,0.0
93.104,item8_regress,PARKED,0.0,0.0,0.0,2,0.0,3.691,0.0,0.0,0.0,0.0,0.0,0.0,0.0
93.204,item8_regress,PARKED,0.0,0.0,0.0,2,0.0,3.681,0.0,0.0,0.0,0.0,0.0,0.0,0.0
93.34,item8_regress,PARKED,0.0,0.0,0.0,2,0.0,3.791,0.0,0.0,0.0,0.0,0.0,0.0,0.0
93.404,item8_regress,PARKED,0.0,0.0,0.0,2,0.0,3.791,0.0,0.0,0.0,0.0,0.0,0.0,0.0
93.504,item8_regress,PARKED,0.0,0.0,0.0,2,0.0,3.791,0.0,0.0,0.0,0.0,0.0,0.0,0.0
93.603,item8_regress,PARKED,0.0,0.0,0.0,2,0.0,3.681,0.0,0.0,0.0,0.0,0.0,0.0,0.0
93.704,item8_regress,PARKED,0.0,0.0,0.0,2,0.0,3.681,0.0,0.0,0.0,0.0,0.0,0.0,0.0
93.834,item8_regress,PARKED,0.0,0.0,0.0,2,0.0,3.64,0.0,0.0,0.0,0.0,0.0,0.0,0.0
93.903,item8_regress,PARKED,0.0,0.0,0.0,2,0.0,3.64,0.0,0.0,0.0,0.0,0.0,0.0,0.0
94.004,item8_regress,PARKED,0.0,0.0,0.0,2,0.0,3.628,0.0,0.0,0.0,0.0,0.0,0.0,0.0
94.119,item8_regress,PARKED,0.0,0.0,0.0,2,0.0,3.642,0.0,0.0,0.0,0.0,0.0,0.0,0.0
94.204,item8_regress,PARKED,0.0,0.0,0.0,2,0.0,3.645,0.0,0.0,0.0,0.0,0.0,0.0,0.0
94.303,item8_regress,PARKED,0.0,0.0,0.0,2,0.0,3.742,0.0,0.0,0.0,0.0,0.0,0.0,0.0
94.449,item8_regress,PARKED,0.0,0.0,0.0,2,0.0,3.692,0.0,0.0,0.0,0.0,0.0,0.0,0.0
94.504,item8_regress,PARKED,0.0,0.0,0.0,2,0.0,3.692,0.0,0.0,0.0,0.0,0.0,0.0,0.0
94.603,item8_regress,PARKED,0.0,0.0,0.0,2,0.0,3.692,0.0,0.0,0.0,0.0,0.0,0.0,0.0
94.715,item8_regress,PARKED,0.0,0.0,0.0,2,0.0,3.756,0.0,0.0,0.0,0.0,0.0,0.0,0.0
94.803,item8_regress,PARKED,0.0,0.0,0.0,2,0.0,3.755,0.0,0.0,0.0,0.0,0.0,0.0,0.0
94.921,item8_regress,PARKED,0.0,0.0,0.0,2,0.0,3.755,0.0,0.0,0.0,0.0,0.0,0.0,0.0
95.003,item8_regress,PARKED,0.0,0.0,0.0,2,0.0,3.755,0.0,0.0,0.0,0.0,0.0,0.0,0.0
95.148,item8_regress,PARKED,0.0,0.0,0.0,2,0.0,3.796,0.0,0.0,0.0,0.0,0.0,0.0,0.0
95.213,item8_regress,PARKED,0.0,0.0,0.0,2,0.0,3.815,0.0,0.0,0.0,0.0,0.0,0.0,0.0
95.327,item8_regress,PARKED,0.0,0.0,0.0,2,0.0,3.815,0.0,0.0,0.0,0.0,0.0,0.0,0.0
95.403,item8_regress,PARKED,0.0,0.0,0.0,2,0.0,3.702,0.0,0.0,0.0,0.0,0.0,0.0,0.0
95.504,item8_regress,PARKED,0.0,0.0,0.0,2,0.0,3.702,0.0,0.0,0.0,0.0,0.0,0.0,0.0
95.603,item8_regress,PARKED,0.0,0.0,0.0,2,0.0,3.702,0.0,0.0,0.0,0.0,0.0,0.0,0.0
95.723,item8_regress,PARKED,0.0,0.0,0.0,2,0.0,3.749,0.0,0.0,0.0,0.0,0.0,0.0,0.0
95.803,item8_regress,PARKED,0.0,0.0,0.0,2,0.0,3.749,0.0,0.0,0.0,0.0,0.0,0.0,0.0
95.904,item8_regress,PARKED,0.0,0.0,0.0,2,0.0,3.749,0.0,0.0,0.0,0.0,0.0,0.0,0.0
96.004,item8_regress,PARKED,0.0,0.0,0.0,2,0.0,3.729,0.0,0.0,0.0,0.0,0.0,0.0,0.0
96.143,item8_regress,PARKED,0.0,0.0,0.0,2,0.0,3.717,0.0,0.0,0.0,0.0,0.0,0.0,0.0
96.204,item8_regress,PARKED,0.0,0.0,0.0,2,0.0,3.667,0.0,0.0,0.0,0.0,0.0,0.0,0.0
96.339,item8_regress,PARKED,0.0,0.0,0.0,2,0.0,3.711,0.0,0.0,0.0,0.0,0.0,0.0,0.0
96.438,item8_regress,PARKED,0.0,0.0,0.0,2,0.0,3.711,0.0,0.0,0.0,0.0,0.0,0.0,0.0
96.506,item8_regress,PARKED,0.0,0.0,0.0,2,0.0,3.679,0.0,0.0,0.0,0.0,0.0,0.0,0.0
96.603,item8_regress,PARKED,0.0,0.0,0.0,2,0.0,3.679,0.0,0.0,0.0,0.0,0.0,0.0,0.0
96.704,item8_regress,PARKED,0.0,0.0,0.0,2,0.0,3.721,0.0,0.0,0.0,0.0,0.0,0.0,0.0
96.803,item8_regress,PARKED,0.0,0.0,0.0,2,0.0,3.721,0.0,0.0,0.0,0.0,0.0,0.0,0.0
96.905,item8_regress,PARKED,0.0,0.0,0.0,2,0.0,3.722,0.0,0.0,0.0,0.0,0.0,0.0,0.0
97.004,item8_regress,PARKED,0.0,0.0,0.0,2,0.0,3.722,0.0,0.0,0.0,0.0,0.0,0.0,0.0
97.103,item8_regress,PARKED,0.0,0.0,0.0,2,0.0,3.722,0.0,0.0,0.0,0.0,0.0,0.0,0.0
97.203,item8_regress,PARKED,0.0,0.0,0.0,2,0.0,3.722,0.0,0.0,0.0,0.0,0.0,0.0,0.0
97.32,item8_regress,PARKED,0.0,0.0,0.0,2,0.0,3.797,0.0,0.0,0.0,0.0,0.0,0.0,0.0
97.403,item8_regress,PARKED,0.0,0.0,0.0,2,0.0,3.797,0.0,0.0,0.0,0.0,0.0,0.0,0.0
97.503,item8_regress,PARKED,0.0,0.0,0.0,2,0.0,3.779,0.0,0.0,0.0,0.0,0.0,0.0,0.0
97.61,item8_regress,PARKED,0.0,0.0,0.0,2,0.0,3.718,0.0,0.0,0.0,0.0,0.0,0.0,0.0
97.703,item8_regress,PARKED,0.0,0.0,0.0,2,0.0,3.718,0.0,0.0,0.0,0.0,0.0,0.0,0.0
97.804,item8_regress,PARKED,0.0,0.0,0.0,2,0.0,3.718,0.0,0.0,0.0,0.0,0.0,0.0,0.0
97.909,item8_regress,PARKED,0.0,0.0,0.0,2,0.0,3.753,0.0,0.0,0.0,0.0,0.0,0.0,0.0
98.004,item8_regress,PARKED,0.0,0.0,0.0,2,0.0,3.753,0.0,0.0,0.0,0.0,0.0,0.0,0.0
98.118,item8_regress,PARKED,0.0,0.0,0.0,2,0.0,3.776,0.0,0.0,0.0,0.0,0.0,0.0,0.0
98.204,item8_regress,PARKED,0.0,0.0,0.0,2,0.0,3.778,0.0,0.0,0.0,0.0,0.0,0.0,0.0
98.319,item8_regress,PARKED,0.0,0.0,0.0,2,0.0,3.778,0.0,0.0,0.0,0.0,0.0,0.0,0.0
98.404,item8_regress,PARKED,0.0,0.0,0.0,2,0.0,3.803,0.0,0.0,0.0,0.0,0.0,0.0,0.0
98.54,item8_regress,PARKED,0.0,0.0,0.0,2,0.0,3.743,0.0,0.0,0.0,0.0,0.0,0.0,0.0
98.645,item8_regress,PARKED,0.0,0.0,0.0,2,0.0,3.743,0.0,0.0,0.0,0.0,0.0,0.0,0.0
98.703,item8_regress,PARKED,0.0,0.0,0.0,2,0.0,3.743,0.0,0.0,0.0,0.0,0.0,0.0,0.0
98.838,item8_regress,PARKED,0.0,0.0,0.0,2,0.0,3.658,0.0,0.0,0.0,0.0,0.0,0.0,0.0
98.904,item8_regress,PARKED,0.0,0.0,0.0,2,0.0,3.658,0.0,0.0,0.0,0.0,0.0,0.0,0.0
99.036,item8_regress,PARKED,0.0,0.0,0.0,2,0.0,3.678,0.0,0.0,0.0,0.0,0.0,0.0,0.0
99.104,item8_regress,PARKED,0.0,0.0,0.0,2,0.0,3.678,0.0,0.0,0.0,0.0,0.0,0.0,0.0
99.231,item8_regress,PARKED,0.0,0.0,0.0,2,0.0,3.649,0.0,0.0,0.0,0.0,0.0,0.0,0.0
99.346,item8_regress,PARKED,0.0,0.0,0.0,2,0.0,3.684,0.0,0.0,0.0,0.0,0.0,0.0,0.0
99.403,item8_regress,PARKED,0.0,0.0,0.0,2,0.0,3.684,0.0,0.0,0.0,0.0,0.0,0.0,0.0
99.503,item8_regress,PARKED,0.0,0.0,0.0,2,0.0,3.684,0.0,0.0,0.0,0.0,0.0,0.0,0.0
99.61,item8_regress,PARKED,0.0,0.0,0.0,2,0.0,3.711,0.0,0.0,0.0,0.0,0.0,0.0,0.0
99.704,item8_regress,PARKED,0.0,0.0,0.0,2,0.0,3.711,0.0,0.0,0.0,0.0,0.0,0.0,0.0
99.804,item8_regress,PARKED,0.0,0.0,0.0,2,0.0,3.711,0.0,0.0,0.0,0.0,0.0,0.0,0.0
99.921,item8_regress,PARKED,0.0,0.0,0.0,2,0.0,3.711,0.0,0.0,0.0,0.0,0.0,0.0,0.0
100.003,item8_regress,PARKED,0.0,0.0,0.0,2,0.0,3.717,0.0,0.0,0.0,0.0,0.0,0.0,0.0
100.103,item8_regress,PARKED,0.0,0.0,0.0,2,0.0,3.717,0.0,0.0,0.0,0.0,0.0,0.0,0.0
100.203,item8_regress,PARKED,0.0,0.0,0.0,2,0.0,3.725,0.0,0.0,0.0,0.0,0.0,0.0,0.0
100.316,item8_regress,PARKED,0.0,0.0,0.0,2,0.0,3.725,0.0,0.0,0.0,0.0,0.0,0.0,0.0
100.403,item8_regress,PARKED,0.0,0.0,0.0,2,0.0,3.697,0.0,0.0,0.0,0.0,0.0,0.0,0.0
100.503,item8_regress,PARKED,0.0,0.0,0.0,2,0.0,3.779,0.0,0.0,0.0,0.0,0.0,0.0,0.0
100.605,item8_regress,PARKED,0.0,0.0,0.0,2,0.0,3.74,0.0,0.0,0.0,0.0,0.0,0.0,0.0
100.735,item8_regress,PARKED,0.0,0.0,0.0,2,0.0,3.679,0.0,0.0,0.0,0.0,0.0,0.0,0.0
100.804,item8_regress,PARKED,0.0,0.0,0.0,2,0.0,3.679,0.0,0.0,0.0,0.0,0.0,0.0,0.0
100.903,item8_regress,PARKED,0.0,0.0,0.0,2,0.0,3.679,0.0,0.0,0.0,0.0,0.0,0.0,0.0
101.046,item8_regress,PARKED,0.0,0.0,0.0,2,0.0,3.627,0.0,0.0,0.0,0.0,0.0,0.0,0.0
101.132,item8_regress,PARKED,0.0,0.0,0.0,2,0.0,3.627,0.0,0.0,0.0,0.0,0.0,0.0,0.0
101.204,item8_regress,PARKED,0.0,0.0,0.0,2,0.0,3.691,0.0,0.0,0.0,0.0,0.0,0.0,0.0
101.303,item8_regress,PARKED,0.0,0.0,0.0,2,0.0,3.691,0.0,0.0,0.0,0.0,0.0,0.0,0.0
101.416,item8_regress,PARKED,0.0,0.0,0.0,2,0.0,3.66,0.0,0.0,0.0,0.0,0.0,0.0,0.0
101.503,item8_regress,PARKED,0.0,0.0,0.0,2,0.0,3.676,0.0,0.0,0.0,0.0,0.0,0.0,0.0
101.636,item8_regress,PARKED,0.0,0.0,0.0,2,0.0,3.701,0.0,0.0,0.0,0.0,0.0,0.0,0.0
101.703,item8_regress,PARKED,0.0,0.0,0.0,2,0.0,3.701,0.0,0.0,0.0,0.0,0.0,0.0,0.0
101.804,item8_regress,PARKED,0.0,0.0,0.0,2,0.0,3.646,0.0,0.0,0.0,0.0,0.0,0.0,0.0
101.903,item8_regress,PARKED,0.0,0.0,0.0,2,0.0,3.646,0.0,0.0,0.0,0.0,0.0,0.0,0.0
102.003,item8_regress,PARKED,0.0,0.0,0.0,2,0.0,3.646,0.0,0.0,0.0,0.0,0.0,0.0,0.0
102.103,item8_regress,PARKED,0.0,0.0,0.0,2,0.0,3.71,0.0,0.0,0.0,0.0,0.0,0.0,0.0
102.204,item8_regress,PARKED,0.0,0.0,0.0,2,0.0,3.71,0.0,0.0,0.0,0.0,0.0,0.0,0.0
102.303,item8_regress,PARKED,0.0,0.0,0.0,2,0.0,3.65,0.0,0.0,0.0,0.0,0.0,0.0,0.0
102.443,item8_regress,PARKED,0.0,0.0,0.0,2,0.0,3.711,0.0,0.0,0.0,0.0,0.0,0.0,0.0
102.511,item8_regress,PARKED,0.0,0.0,0.0,2,0.0,3.738,0.0,0.0,0.0,0.0,0.0,0.0,0.0
102.603,item8_regress,PARKED,0.0,0.0,0.0,2,0.0,3.738,0.0,0.0,0.0,0.0,0.0,0.0,0.0
102.704,item8_regress,PARKED,0.0,0.0,0.0,2,0.0,3.729,0.0,0.0,0.0,0.0,0.0,0.0,0.0
102.804,item8_regress,PARKED,0.0,0.0,0.0,2,0.0,3.682,0.0,0.0,0.0,0.0,0.0,0.0,0.0
102.938,item8_regress,PARKED,0.0,0.0,0.0,2,0.0,3.782,0.0,0.0,0.0,0.0,0.0,0.0,0.0
103.003,item8_regress,PARKED,0.0,0.0,0.0,2,0.0,3.782,0.0,0.0,0.0,0.0,0.0,0.0,0.0
103.104,item8_regress,PARKED,0.0,0.0,0.0,2,0.0,3.772,0.0,0.0,0.0,0.0,0.0,0.0,0.0
103.205,item8_regress,PARKED,0.0,0.0,0.0,2,0.0,3.732,0.0,0.0,0.0,0.0,0.0,0.0,0.0
103.303,item8_regress,PARKED,0.0,0.0,0.0,2,0.0,3.701,0.0,0.0,0.0,0.0,0.0,0.0,0.0
103.403,item8_regress,PARKED,0.0,0.0,0.0,2,0.0,3.699,0.0,0.0,0.0,0.0,0.0,0.0,0.0
103.509,item8_regress,PARKED,0.0,0.0,0.0,2,0.0,3.686,0.0,0.0,0.0,0.0,0.0,0.0,0.0
103.638,item8_regress,PARKED,0.0,0.0,0.0,2,0.0,3.668,0.0,0.0,0.0,0.0,0.0,0.0,0.0
103.703,item8_regress,PARKED,0.0,0.0,0.0,2,0.0,3.668,0.0,0.0,0.0,0.0,0.0,0.0,0.0
103.817,item8_regress,PARKED,0.0,0.0,0.0,2,0.0,3.653,0.0,0.0,0.0,0.0,0.0,0.0,0.0
103.903,item8_regress,PARKED,0.0,0.0,0.0,2,0.0,3.653,0.0,0.0,0.0,0.0,0.0,0.0,0.0
104.004,item8_regress,PARKED,0.0,0.0,0.0,2,0.0,3.653,0.0,0.0,0.0,0.0,0.0,0.0,0.0
104.152,item8_regress,PARKED,0.0,0.0,0.0,2,0.0,3.71,0.0,0.0,0.0,0.0,0.0,0.0,0.0
104.212,item8_regress,PARKED,0.0,0.0,0.0,2,0.0,3.674,0.0,0.0,0.0,0.0,0.0,0.0,0.0
104.303,item8_regress,PARKED,0.0,0.0,0.0,2,0.0,3.674,0.0,0.0,0.0,0.0,0.0,0.0,0.0
104.404,item8_regress,PARKED,0.0,0.0,0.0,2,0.0,3.68,0.0,0.0,0.0,0.0,0.0,0.0,0.0
104.503,item8_regress,PARKED,0.0,0.0,0.0,2,0.0,3.665,0.0,0.0,0.0,0.0,0.0,0.0,0.0
104.652,item8_regress,PARKED,0.0,0.0,0.0,2,0.0,3.641,0.0,0.0,0.0,0.0,0.0,0.0,0.0
104.721,item8_regress,PARKED,0.0,0.0,0.0,2,0.0,3.644,0.0,0.0,0.0,0.0,0.0,0.0,0.0
104.848,item8_regress,PARKED,0.0,0.0,0.0,2,0.0,3.631,0.0,0.0,0.0,0.0,0.0,0.0,0.0
104.903,item8_regress,PARKED,0.0,0.0,0.0,2,0.0,3.631,0.0,0.0,0.0,0.0,0.0,0.0,0.0
105.003,item8_regress,PARKED,0.0,0.0,0.0,2,0.0,3.631,0.0,0.0,0.0,0.0,0.0,0.0,0.0
105.103,item8_regress,PARKED,0.0,0.0,0.0,2,0.0,3.631,0.0,0.0,0.0,0.0,0.0,0.0,0.0
105.204,item8_regress,PARKED,0.0,0.0,0.0,2,0.0,3.693,0.0,0.0,0.0,0.0,0.0,0.0,0.0
105.304,item8_regress,PARKED,0.0,0.0,0.0,2,0.0,3.693,0.0,0.0,0.0,0.0,0.0,0.0,0.0
105.403,item8_regress,PARKED,0.0,0.0,0.0,2,0.0,3.732,0.0,0.0,0.0,0.0,0.0,0.0,0.0
105.535,item8_regress,PARKED,0.0,0.0,0.0,2,0.0,3.745,0.0,0.0,0.0,0.0,0.0,0.0,0.0
105.603,item8_regress,PARKED,0.0,0.0,0.0,2,0.0,3.719,0.0,0.0,0.0,0.0,0.0,0.0,0.0
105.703,item8_regress,PARKED,0.0,0.0,0.0,2,0.0,3.719,0.0,0.0,0.0,0.0,0.0,0.0,0.0
105.803,item8_regress,PARKED,0.0,0.0,0.0,2,0.0,3.681,0.0,0.0,0.0,0.0,0.0,0.0,0.0
105.904,item8_regress,PARKED,0.0,0.0,0.0,2,0.0,3.705,0.0,0.0,0.0,0.0,0.0,0.0,0.0
106.051,item8_regress,PARKED,0.0,0.0,0.0,2,0.0,3.777,0.0,0.0,0.0,0.0,0.0,0.0,0.0
106.133,item8_regress,PARKED,0.0,0.0,0.0,2,0.0,3.723,0.0,0.0,0.0,0.0,0.0,0.0,0.0
106.235,item8_regress,PARKED,0.0,0.0,0.0,2,0.0,3.723,0.0,0.0,0.0,0.0,0.0,0.0,0.0
106.309,item8_regress,PARKED,0.0,0.0,0.0,2,0.0,3.696,0.0,0.0,0.0,0.0,0.0,0.0,0.0
106.418,item8_regress,PARKED,0.0,0.0,0.0,2,0.0,3.689,0.0,0.0,0.0,0.0,0.0,0.0,0.0
106.535,item8_regress,PARKED,0.0,0.0,0.0,2,0.0,3.728,0.0,0.0,0.0,0.0,0.0,0.0,0.0
106.604,item8_regress,PARKED,0.0,0.0,0.0,2,0.0,3.728,0.0,0.0,0.0,0.0,0.0,0.0,0.0
106.704,item8_regress,PARKED,0.0,0.0,0.0,2,0.0,3.702,0.0,0.0,0.0,0.0,0.0,0.0,0.0
106.803,item8_regress,PARKED,0.0,0.0,0.0,2,0.0,3.681,0.0,0.0,0.0,0.0,0.0,0.0,0.0
106.933,item8_regress,PARKED,0.0,0.0,0.0,2,0.0,3.713,0.0,0.0,0.0,0.0,0.0,0.0,0.0
107.003,item8_regress,PARKED,0.0,0.0,0.0,2,0.0,3.713,0.0,0.0,0.0,0.0,0.0,0.0,0.0
107.116,item8_regress,PARKED,0.0,0.0,0.0,2,0.0,3.702,0.0,0.0,0.0,0.0,0.0,0.0,0.0
107.226,item8_regress,PARKED,0.0,0.0,0.0,2,0.0,3.666,0.0,0.0,0.0,0.0,0.0,0.0,0.0
107.304,item8_regress,PARKED,0.0,0.0,0.0,2,0.0,3.711,0.0,0.0,0.0,0.0,0.0,0.0,0.0
107.442,item8_regress,PARKED,0.0,0.0,0.0,2,0.0,3.678,0.0,0.0,0.0,0.0,0.0,0.0,0.0
107.503,item8_regress,PARKED,0.0,0.0,0.0,2,0.0,3.678,0.0,0.0,0.0,0.0,0.0,0.0,0.0
107.604,item8_regress,PARKED,0.0,0.0,0.0,2,0.0,3.678,0.0,0.0,0.0,0.0,0.0,0.0,0.0
107.71,item8_regress,PARKED,0.0,0.0,0.0,2,0.0,3.669,0.0,0.0,0.0,0.0,0.0,0.0,0.0
107.85,item8_regress,PARKED,0.0,0.0,0.0,2,0.0,3.643,0.0,0.0,0.0,0.0,0.0,0.0,0.0
107.903,item8_regress,PARKED,0.0,0.0,0.0,2,0.0,3.643,0.0,0.0,0.0,0.0,0.0,0.0,0.0
108.003,item8_regress,PARKED,0.0,0.0,0.0,2,0.0,3.684,0.0,0.0,0.0,0.0,0.0,0.0,0.0
108.103,item8_regress,PARKED,0.0,0.0,0.0,2,0.0,3.684,0.0,0.0,0.0,0.0,0.0,0.0,0.0
108.203,item8_regress,PARKED,0.0,0.0,0.0,2,0.0,3.684,0.0,0.0,0.0,0.0,0.0,0.0,0.0
108.303,item8_regress,PARKED,0.0,0.0,0.0,2,0.0,3.78,0.0,0.0,0.0,0.0,0.0,0.0,0.0
108.404,item8_regress,PARKED,0.0,0.0,0.0,2,0.0,3.752,0.0,0.0,0.0,0.0,0.0,0.0,0.0
108.532,item8_regress,PARKED,0.0,0.0,0.0,2,0.0,3.722,0.0,0.0,0.0,0.0,0.0,0.0,0.0
108.604,item8_regress,PARKED,0.0,0.0,0.0,2,0.0,3.722,0.0,0.0,0.0,0.0,0.0,0.0,0.0
108.751,item8_regress,PARKED,0.0,0.0,0.0,2,0.0,3.754,0.0,0.0,0.0,0.0,0.0,0.0,0.0
108.82,item8_regress,PARKED,0.0,0.0,0.0,2,0.0,3.707,0.0,0.0,0.0,0.0,0.0,0.0,0.0
108.903,item8_regress,PARKED,0.0,0.0,0.0,2,0.0,3.707,0.0,0.0,0.0,0.0,0.0,0.0,0.0
109.003,item8_regress,PARKED,0.0,0.0,0.0,2,0.0,3.707,0.0,0.0,0.0,0.0,0.0,0.0,0.0
109.103,item8_regress,PARKED,0.0,0.0,0.0,2,0.0,3.707,0.0,0.0,0.0,0.0,0.0,0.0,0.0
109.232,item8_regress,PARKED,0.0,0.0,0.0,2,0.0,3.685,0.0,0.0,0.0,0.0,0.0,0.0,0.0
109.304,item8_regress,PARKED,0.0,0.0,0.0,2,0.0,3.684,0.0,0.0,0.0,0.0,0.0,0.0,0.0
109.424,item8_regress,PARKED,0.0,0.0,0.0,2,0.0,3.684,0.0,0.0,0.0,0.0,0.0,0.0,0.0
109.541,item8_regress,PARKED,0.0,0.0,0.0,2,0.0,3.701,0.0,0.0,0.0,0.0,0.0,0.0,0.0
109.604,item8_regress,PARKED,0.0,0.0,0.0,2,0.0,3.701,0.0,0.0,0.0,0.0,0.0,0.0,0.0
109.735,item8_regress,PARKED,0.0,0.0,0.0,2,0.0,3.724,0.0,0.0,0.0,0.0,0.0,0.0,0.0
109.846,item8_regress,PARKED,0.0,0.0,0.0,2,0.0,3.724,0.0,0.0,0.0,0.0,0.0,0.0,0.0
109.903,item8_regress,PARKED,0.0,0.0,0.0,2,0.0,3.734,0.0,0.0,0.0,0.0,0.0,0.0,0.0
110.053,item8_regress,PARKED,0.0,0.0,0.0,2,0.0,3.767,0.0,0.0,0.0,0.0,0.0,0.0,0.0
110.104,item8_regress,PARKED,0.0,0.0,0.0,2,0.0,3.767,0.0,0.0,0.0,0.0,0.0,0.0,0.0
110.236,item8_regress,PARKED,0.0,0.0,0.0,2,0.0,3.789,0.0,0.0,0.0,0.0,0.0,0.0,0.0
110.305,item8_regress,PARKED,0.0,0.0,0.0,2,0.0,3.789,0.0,0.0,0.0,0.0,0.0,0.0,0.0
110.403,item8_regress,PARKED,0.0,0.0,0.0,2,0.0,3.747,0.0,0.0,0.0,0.0,0.0,0.0,0.0
110.503,item8_regress,PARKED,0.0,0.0,0.0,2,0.0,3.688,0.0,0.0,0.0,0.0,0.0,0.0,0.0
110.616,item8_regress,PARKED,0.0,0.0,0.0,2,0.0,3.733,0.0,0.0,0.0,0.0,0.0,0.0,0.0
110.743,item8_regress,PARKED,0.0,0.0,0.0,2,0.0,3.733,0.0,0.0,0.0,0.0,0.0,0.0,0.0
110.803,item8_regress,PARKED,0.0,0.0,0.0,2,0.0,3.733,0.0,0.0,0.0,0.0,0.0,0.0,0.0
110.928,item8_regress,PARKED,0.0,0.0,0.0,2,0.0,3.75,0.0,0.0,0.0,0.0,0.0,0.0,0.0
111.003,item8_regress,PARKED,0.0,0.0,0.0,2,0.0,3.75,0.0,0.0,0.0,0.0,0.0,0.0,0.0
111.104,item8_regress,PARKED,0.0,0.0,0.0,2,0.0,3.716,0.0,0.0,0.0,0.0,0.0,0.0,0.0
111.204,item8_regress,PARKED,0.0,0.0,0.0,2,0.0,3.716,0.0,0.0,0.0,0.0,0.0,0.0,0.0
111.303,item8_regress,PARKED,0.0,0.0,0.0,2,0.0,3.716,0.0,0.0,0.0,0.0,0.0,0.0,0.0
111.403,item8_regress,PARKED,0.0,0.0,0.0,2,0.0,3.716,0.0,0.0,0.0,0.0,0.0,0.0,0.0
111.52,item8_regress,PARKED,0.0,0.0,0.0,2,0.0,3.767,0.0,0.0,0.0,0.0,0.0,0.0,0.0
111.63,item8_regress,PARKED,0.0,0.0,0.0,2,0.0,3.767,0.0,0.0,0.0,0.0,0.0,0.0,0.0
111.703,item8_regress,PARKED,0.0,0.0,0.0,2,0.0,3.686,0.0,0.0,0.0,0.0,0.0,0.0,0.0
111.822,item8_regress,PARKED,0.0,0.0,0.0,2,0.0,3.639,0.0,0.0,0.0,0.0,0.0,0.0,0.0
111.903,item8_regress,PARKED,0.0,0.0,0.0,2,0.0,3.639,0.0,0.0,0.0,0.0,0.0,0.0,0.0
112.003,item8_regress,PARKED,0.0,0.0,0.0,2,0.0,3.629,0.0,0.0,0.0,0.0,0.0,0.0,0.0
112.104,item8_regress,PARKED,0.0,0.0,0.0,2,0.0,3.672,0.0,0.0,0.0,0.0,0.0,0.0,0.0
112.203,item8_regress,PARKED,0.0,0.0,0.0,2,0.0,3.798,0.0,0.0,0.0,0.0,0.0,0.0,0.0
112.304,item8_regress,PARKED,0.0,0.0,0.0,2,0.0,3.798,0.0,0.0,0.0,0.0,0.0,0.0,0.0
112.403,item8_regress,PARKED,0.0,0.0,0.0,2,0.0,3.798,0.0,0.0,0.0,0.0,0.0,0.0,0.0
112.503,item8_regress,PARKED,0.0,0.0,0.0,2,0.0,3.798,0.0,0.0,0.0,0.0,0.0,0.0,0.0
112.603,item8_regress,PARKED,0.0,0.0,0.0,2,0.0,3.798,0.0,0.0,0.0,0.0,0.0,0.0,0.0
112.729,item8_regress,PARKED,0.0,0.0,0.0,2,0.0,3.734,0.0,0.0,0.0,0.0,0.0,0.0,0.0
112.852,item8_regress,PARKED,0.0,0.0,0.0,2,0.0,3.734,0.0,0.0,0.0,0.0,0.0,0.0,0.0
112.903,item8_regress,PARKED,0.0,0.0,0.0,2,0.0,3.734,0.0,0.0,0.0,0.0,0.0,0.0,0.0
113.003,item8_regress,PARKED,0.0,0.0,0.0,2,0.0,3.745,0.0,0.0,0.0,0.0,0.0,0.0,0.0
113.104,item8_regress,PARKED,0.0,0.0,0.0,2,0.0,3.668,0.0,0.0,0.0,0.0,0.0,0.0,0.0
113.204,item8_regress,PARKED,0.0,0.0,0.0,2,0.0,3.716,0.0,0.0,0.0,0.0,0.0,0.0,0.0
113.303,item8_regress,PARKED,0.0,0.0,0.0,2,0.0,3.716,0.0,0.0,0.0,0.0,0.0,0.0,0.0
113.403,item8_regress,PARKED,0.0,0.0,0.0,2,0.0,3.716,0.0,0.0,0.0,0.0,0.0,0.0,0.0
113.503,item8_regress,PARKED,0.0,0.0,0.0,2,0.0,3.716,0.0,0.0,0.0,0.0,0.0,0.0,0.0
113.642,item8_regress,PARKED,0.0,0.0,0.0,2,0.0,3.722,0.0,0.0,0.0,0.0,0.0,0.0,0.0
113.704,item8_regress,PARKED,0.0,0.0,0.0,2,0.0,3.722,0.0,0.0,0.0,0.0,0.0,0.0,0.0
113.836,item8_regress,PARKED,0.0,0.0,0.0,2,0.0,3.722,0.0,0.0,0.0,0.0,0.0,0.0,0.0
113.903,item8_regress,PARKED,0.0,0.0,0.0,2,0.0,3.722,0.0,0.0,0.0,0.0,0.0,0.0,0.0
114.007,item8_regress,PARKED,0.0,0.0,0.0,2,0.0,3.736,0.0,0.0,0.0,0.0,0.0,0.0,0.0
114.104,item8_regress,PARKED,0.0,0.0,0.0,2,0.0,3.698,0.0,0.0,0.0,0.0,0.0,0.0,0.0
114.203,item8_regress,PARKED,0.0,0.0,0.0,2,0.0,3.698,0.0,0.0,0.0,0.0,0.0,0.0,0.0
114.304,item8_regress,PARKED,0.0,0.0,0.0,2,0.0,3.68,0.0,0.0,0.0,0.0,0.0,0.0,0.0
114.403,item8_regress,PARKED,0.0,0.0,0.0,2,0.0,3.68,0.0,0.0,0.0,0.0,0.0,0.0,0.0
114.537,item8_regress,PARKED,0.0,0.0,0.0,2,0.0,3.738,0.0,0.0,0.0,0.0,0.0,0.0,0.0
114.603,item8_regress,PARKED,0.0,0.0,0.0,2,0.0,3.738,0.0,0.0,0.0,0.0,0.0,0.0,0.0
114.703,item8_regress,PARKED,0.0,0.0,0.0,2,0.0,3.71,0.0,0.0,0.0,0.0,0.0,0.0,0.0
114.851,item8_regress,PARKED,0.0,0.0,0.0,2,0.0,3.771,0.0,0.0,0.0,0.0,0.0,0.0,0.0
114.903,item8_regress,PARKED,0.0,0.0,0.0,2,0.0,3.771,0.0,0.0,0.0,0.0,0.0,0.0,0.0
115.003,item8_regress,PARKED,0.0,0.0,0.0,2,0.0,3.771,0.0,0.0,0.0,0.0,0.0,0.0,0.0
115.131,item8_regress,PARKED,0.0,0.0,0.0,2,0.0,3.779,0.0,0.0,0.0,0.0,0.0,0.0,0.0
115.203,item8_regress,PARKED,0.0,0.0,0.0,2,0.0,3.727,0.0,0.0,0.0,0.0,0.0,0.0,0.0
115.313,item8_regress,PARKED,0.0,0.0,0.0,2,0.0,3.727,0.0,0.0,0.0,0.0,0.0,0.0,0.0
115.403,item8_regress,PARKED,0.0,0.0,0.0,2,0.0,3.712,0.0,0.0,0.0,0.0,0.0,0.0,0.0
115.503,item8_regress,PARKED,0.0,0.0,0.0,2,0.0,3.712,0.0,0.0,0.0,0.0,0.0,0.0,0.0
115.603,item8_regress,PARKED,0.0,0.0,0.0,2,0.0,3.811,0.0,0.0,0.0,0.0,0.0,0.0,0.0
115.728,item8_regress,PARKED,0.0,0.0,0.0,2,0.0,3.758,0.0,0.0,0.0,0.0,0.0,0.0,0.0
115.851,item8_regress,PARKED,0.0,0.0,0.0,2,0.0,3.697,0.0,0.0,0.0,0.0,0.0,0.0,0.0
115.949,item8_regress,PARKED,0.0,0.0,0.0,2,0.0,3.725,0.0,0.0,0.0,0.0,0.0,0.0,0.0
116.014,item8_regress,PARKED,0.0,0.0,0.0,2,0.0,3.7,0.0,0.0,0.0,0.0,0.0,0.0,0.0
116.131,item8_regress,PARKED,0.0,0.0,0.0,2,0.0,3.673,0.0,0.0,0.0,0.0,0.0,0.0,0.0
116.243,item8_regress,PARKED,0.0,0.0,0.0,2,0.0,3.663,0.0,0.0,0.0,0.0,0.0,0.0,0.0
116.347,item8_regress,PARKED,0.0,0.0,0.0,2,0.0,3.752,0.0,0.0,0.0,0.0,0.0,0.0,0.0
116.403,item8_regress,PARKED,0.0,0.0,0.0,2,0.0,3.787,0.0,0.0,0.0,0.0,0.0,0.0,0.0
116.503,item8_regress,PARKED,0.0,0.0,0.0,2,0.0,3.787,0.0,0.0,0.0,0.0,0.0,0.0,0.0
116.608,item8_regress,PARKED,0.0,0.0,0.0,2,0.0,3.677,0.0,0.0,0.0,0.0,0.0,0.0,0.0
116.747,item8_regress,PARKED,0.0,0.0,0.0,2,0.0,3.677,0.0,0.0,0.0,0.0,0.0,0.0,0.0
116.817,item8_regress,PARKED,0.0,0.0,0.0,2,0.0,3.77,0.0,0.0,0.0,0.0,0.0,0.0,0.0
116.946,item8_regress,PARKED,0.0,0.0,0.0,2,0.0,3.676,0.0,0.0,0.0,0.0,0.0,0.0,0.0
117.015,item8_regress,PARKED,0.0,0.0,0.0,2,0.0,3.681,0.0,0.0,0.0,0.0,0.0,0.0,0.0
117.142,item8_regress,PARKED,0.0,0.0,0.0,2,0.0,3.682,0.0,0.0,0.0,0.0,0.0,0.0,0.0
117.203,item8_regress,PARKED,0.0,0.0,0.0,2,0.0,3.682,0.0,0.0,0.0,0.0,0.0,0.0,0.0
117.303,item8_regress,PARKED,0.0,0.0,0.0,2,0.0,3.703,0.0,0.0,0.0,0.0,0.0,0.0,0.0
117.403,item8_regress,PARKED,0.0,0.0,0.0,2,0.0,3.674,0.0,0.0,0.0,0.0,0.0,0.0,0.0
117.503,item8_regress,PARKED,0.0,0.0,0.0,2,0.0,3.721,0.0,0.0,0.0,0.0,0.0,0.0,0.0
117.607,item8_regress,PARKED,0.0,0.0,0.0,2,0.0,3.642,0.0,0.0,0.0,0.0,0.0,0.0,0.0
117.73,item8_regress,PARKED,0.0,0.0,0.0,2,0.0,3.642,0.0,0.0,0.0,0.0,0.0,0.0,0.0
117.803,item8_regress,PARKED,0.0,0.0,0.0,2,0.0,3.642,0.0,0.0,0.0,0.0,0.0,0.0,0.0
117.935,item8_regress,PARKED,0.0,0.0,0.0,2,0.0,3.634,0.0,0.0,0.0,0.0,0.0,0.0,0.0
118.003,item8_regress,PARKED,0.0,0.0,0.0,2,0.0,3.634,0.0,0.0,0.0,0.0,0.0,0.0,0.0
118.121,item8_regress,PARKED,0.0,0.0,0.0,2,0.0,3.672,0.0,0.0,0.0,0.0,0.0,0.0,0.0
118.203,item8_regress,PARKED,0.0,0.0,0.0,2,0.0,3.672,0.0,0.0,0.0,0.0,0.0,0.0,0.0
118.316,item8_regress,PARKED,0.0,0.0,0.0,2,0.0,3.689,0.0,0.0,0.0,0.0,0.0,0.0,0.0
118.438,item8_regress,PARKED,0.0,0.0,0.0,2,0.0,3.718,0.0,0.0,0.0,0.0,0.0,0.0,0.0
118.503,item8_regress,PARKED,0.0,0.0,0.0,2,0.0,3.734,0.0,0.0,0.0,0.0,0.0,0.0,0.0
118.603,item8_regress,PARKED,0.0,0.0,0.0,2,0.0,3.734,0.0,0.0,0.0,0.0,0.0,0.0,0.0
118.703,item8_regress,PARKED,0.0,0.0,0.0,2,0.0,3.734,0.0,0.0,0.0,0.0,0.0,0.0,0.0
118.812,item8_regress,PARKED,0.0,0.0,0.0,2,0.0,3.663,0.0,0.0,0.0,0.0,0.0,0.0,0.0
118.927,item8_regress,PARKED,0.0,0.0,0.0,2,0.0,3.657,0.0,0.0,0.0,0.0,0.0,0.0,0.0
119.003,item8_regress,PARKED,0.0,0.0,0.0,2,0.0,3.657,0.0,0.0,0.0,0.0,0.0,0.0,0.0
119.139,item8_regress,PARKED,0.0,0.0,0.0,2,0.0,3.715,0.0,0.0,0.0,0.0,0.0,0.0,0.0
119.23,item8_regress,PARKED,0.0,0.0,0.0,2,0.0,3.715,0.0,0.0,0.0,0.0,0.0,0.0,0.0
119.303,item8_regress,PARKED,0.0,0.0,0.0,2,0.0,3.667,0.0,0.0,0.0,0.0,0.0,0.0,0.0
119.403,item8_regress,PARKED,0.0,0.0,0.0,2,0.0,3.702,0.0,0.0,0.0,0.0,0.0,0.0,0.0
119.503,item8_regress,PARKED,0.0,0.0,0.0,2,0.0,3.74,0.0,0.0,0.0,0.0,0.0,0.0,0.0
119.603,item8_regress,PARKED,0.0,0.0,0.0,2,0.0,3.7,0.0,0.0,0.0,0.0,0.0,0.0,0.0
119.703,item8_regress,PARKED,0.0,0.0,0.0,2,0.0,3.7,0.0,0.0,0.0,0.0,0.0,0.0,0.0
119.803,item8_regress,PARKED,0.0,0.0,0.0,2,0.0,3.719,0.0,0.0,0.0,0.0,0.0,0.0,0.0
119.902,item8_regress,PARKED,0.0,0.0,0.0,2,0.0,3.73,0.0,0.0,0.0,0.0,0.0,0.0,0.0
120.013,item8_regress,PARKED,0.0,0.0,0.0,2,0.0,3.73,0.0,0.0,0.0,0.0,0.0,0.0,0.0
