t,n_obstacles,max_obs_speed,min_obstacle_dist
0.074,2,0.0,2.199
0.128,2,0.0,2.199
0.289,2,0.0,2.196
0.382,2,0.0,2.196
0.467,2,0.0,2.196
0.525,2,0.0,2.198
0.633,2,0.0,2.181
1.141,2,0.0,2.184
1.25,2,0.0,2.18
1.356,2,0.0,2.206
1.554,2,0.0,2.212
1.67,2,0.0,2.196
1.834,2,0.0,2.184
2.049,2,0.0,2.186
2.167,2,0.0,2.189
2.292,2,0.0,2.19
2.364,2,0.0,2.198
2.463,2,0.0,2.187
2.587,2,0.0,2.205
2.834,2,0.0,2.192
3.108,3,0.0,2.189
3.23,3,0.0,2.208
3.361,3,0.0,2.208
3.44,3,0.0,2.208
3.536,3,0.0,2.193
3.65,3,0.0,2.205
3.823,3,0.0,2.195
3.989,3,0.0,2.195
4.365,3,0.0,2.2
4.478,3,0.0,2.206
4.591,3,0.0,2.198
4.712,3,0.0,2.198
4.799,3,0.0,2.198
4.884,3,0.0,2.198
4.994,2,0.0,2.2
5.409,2,0.0,2.193
5.579,2,0.0,2.204
5.68,2,0.0,2.204
5.797,2,0.0,2.193
5.858,2,0.0,2.213
5.916,2,0.0,2.193
6.024,2,0.0,2.193
6.265,2,0.0,2.196
6.382,2,0.0,2.176
6.605,2,0.0,2.191
6.754,2,0.0,2.199
6.814,2,0.0,2.199
6.941,2,0.0,2.215
7.128,2,0.0,2.215
7.363,2,0.0,2.192
7.536,2,0.0,2.195
7.67,2,0.0,2.195
7.82,2,0.0,2.207
7.874,2,0.0,2.207
7.972,2,0.0,2.207
8.072,2,0.0,2.207
8.214,2,0.0,2.186
8.348,2,0.0,2.193
8.466,2,0.0,2.198
8.614,2,0.0,2.198
8.728,2,0.0,2.18
8.918,2,0.0,2.2
9.066,2,0.0,2.2
9.131,2,0.0,2.197
9.246,2,0.0,2.199
9.586,2,0.0,2.172
9.704,2,0.0,2.2
9.82,2,0.0,2.2
9.973,2,0.0,2.2
10.032,2,0.0,2.212
10.092,2,0.0,2.212
10.381,2,0.0,2.222
10.591,2,0.0,2.199
10.796,2,0.0,2.212
10.946,2,0.0,2.206
11.002,2,0.0,2.214
11.166,2,0.0,2.214
11.268,2,0.0,2.214
11.359,2,0.0,2.214
11.42,2,0.0,2.208
11.527,2,0.0,2.22
11.651,2,0.0,2.22
11.84,2,0.0,2.22
11.95,2,0.0,2.192
12.251,2,0.0,2.179
12.374,2,0.0,2.198
12.784,2,0.0,2.181
12.894,2,0.0,2.17
13.022,2,0.0,2.17
13.204,2,0.0,2.183
13.314,2,0.0,2.208
13.555,2,0.0,2.202
13.77,2,0.0,2.199
14.035,2,0.0,2.207
14.147,2,0.0,2.197
14.337,2,0.0,2.19
14.467,2,0.0,2.179
14.576,2,0.0,2.201
14.971,2,0.0,2.183
15.085,2,0.0,2.192
15.245,2,0.0,2.191
15.374,2,0.0,2.21
15.493,2,0.0,2.205
15.963,2,0.0,2.206
16.114,2,0.0,2.179
16.179,2,0.0,2.192
16.278,2,0.0,2.192
16.405,2,0.0,2.206
16.574,2,0.0,2.205
16.85,2,0.0,2.224
17.059,2,0.0,2.224
17.207,2,0.0,2.216
17.264,2,0.0,2.206
17.481,2,0.0,2.219
17.602,2,0.0,2.219
17.718,2,0.0,2.208
18.044,2,0.0,2.207
18.16,2,0.0,2.22
18.337,2,0.0,2.213
18.406,2,0.0,2.188
18.505,2,0.0,2.188
18.563,2,0.0,2.2
18.682,2,0.0,2.208
19.001,3,0.0,2.206
19.138,3,0.0,2.199
19.251,2,0.0,2.184
19.329,2,0.0,2.184
19.442,2,0.0,2.199
19.535,2,0.0,2.199
19.688,2,0.0,2.189
19.748,2,0.0,2.199
19.859,2,0.0,2.199
19.986,2,0.0,2.19
20.077,2,0.0,2.19
20.159,2,0.0,2.188
20.214,2,0.0,2.201
20.331,2,0.0,2.174
20.523,2,0.0,2.174
20.658,2,0.0,2.184
21.036,2,0.0,2.188
21.205,2,0.0,2.197
21.267,2,0.0,2.19
21.378,2,0.0,2.203
21.498,2,0.0,2.203
21.568,2,0.0,2.201
21.676,2,0.0,2.208
22.019,2,0.0,2.178
22.123,2,0.0,2.192
22.237,2,0.0,2.195
22.387,2,0.0,2.195
22.467,2,0.0,2.195
22.55,2,0.0,2.177
22.668,2,0.0,2.227
22.722,2,0.0,2.227
22.865,2,0.0,2.226
23.125,2,0.0,2.188
23.299,2,0.0,2.2
23.392,2,0.0,2.2
23.492,2,0.0,2.203
23.55,2,0.0,2.201
23.673,2,0.0,2.194
23.792,2,0.0,2.194
23.918,2,0.0,2.169
24.065,2,0.0,2.188
24.224,2,0.0,2.196
24.371,2,0.0,2.196
24.531,2,0.0,2.204
24.663,2,0.0,2.19
24.717,2,0.0,2.209
24.826,2,0.0,2.185
24.88,2,0.0,2.199
25.004,2,0.0,2.199
25.175,2,0.0,2.182
25.312,2,0.0,2.18
25.432,2,0.0,2.187
25.559,2,0.0,2.162
25.633,2,0.0,2.162
25.733,2,0.0,2.181
25.789,2,0.0,2.211
25.906,2,0.0,2.2
26.412,2,0.0,2.201
26.686,2,0.0,2.199
26.795,2,0.0,2.212
27.034,2,0.0,2.208
27.18,2,0.0,2.203
27.244,2,0.0,2.203
27.398,2,0.0,2.202
27.557,2,0.0,2.202
27.769,2,0.0,2.2
27.889,2,0.0,2.184
28.069,2,0.0,2.184
28.166,2,0.0,2.209
28.221,2,0.0,2.201
28.276,2,0.0,2.209
28.394,2,0.0,2.2
28.531,2,0.0,2.2
28.677,2,0.0,2.2
28.791,2,0.0,2.207
28.987,2,0.0,2.188
29.095,2,0.0,2.186
29.251,2,0.0,2.194
29.366,2,0.0,2.194
29.435,2,0.0,2.202
29.492,2,0.0,2.22
29.849,2,0.0,2.2
29.965,2,0.0,2.204
30.143,2,0.0,2.214
30.244,2,0.0,2.189
30.31,2,0.0,2.184
30.368,2,0.0,2.184
30.574,2,0.0,2.201
30.836,2,0.0,2.188
30.982,2,0.0,2.175
31.072,2,0.0,2.175
31.167,2,0.0,2.219
31.281,2,0.0,2.204
31.337,2,0.0,2.172
31.585,2,0.0,2.199
31.793,2,0.0,2.222
31.982,2,0.0,2.221
32.12,2,0.0,2.212
32.235,2,0.0,2.189
32.428,2,0.0,2.176
32.55,2,0.0,2.176
32.658,2,0.0,2.198
32.767,2,0.0,2.198
32.907,2,0.0,2.211
33.001,2,0.0,2.211
33.058,2,0.0,2.189
33.184,2,0.0,2.193
33.24,2,0.0,2.193
33.436,2,0.0,2.189
33.588,2,0.0,2.204
33.654,2,0.0,2.21
33.761,2,0.0,2.19
33.875,2,0.0,2.199
33.954,2,0.0,2.199
34.087,2,0.0,2.2
34.158,2,0.0,2.2
34.276,2,0.0,2.178
34.345,2,0.0,2.187
34.498,2,0.0,2.187
34.557,2,0.0,2.19
34.68,2,0.0,2.205
34.805,2,0.0,2.206
34.862,2,0.0,2.21
35.08,2,0.0,2.214
35.209,2,0.0,2.198
35.394,2,0.0,2.188
35.556,2,0.0,2.206
35.616,2,0.0,2.198
35.82,2,0.0,2.184
35.965,2,0.0,2.184
36.037,2,0.0,2.184
36.15,2,0.0,2.203
36.308,2,0.0,2.198
36.409,2,0.0,2.198
36.505,2,0.0,2.197
36.563,2,0.0,2.188
36.685,2,0.0,2.221
36.747,2,0.0,2.221
37.042,2,0.0,2.208
37.155,2,0.0,2.193
37.28,3,0.0,2.179
37.366,2,0.0,2.334
37.48,3,0.0,2.244
37.684,2,0.0,2.207
37.799,2,0.0,2.207
38.007,2,0.0,2.203
38.115,2,0.0,2.203
38.261,2,0.0,2.203
38.323,2,0.0,2.193
38.435,2,0.0,2.196
38.603,2,0.0,2.214
38.67,2,0.0,2.209
38.772,2,0.0,2.215
38.834,2,0.0,2.215
39.233,2,0.0,2.191
39.347,2,0.0,2.203
39.521,2,0.0,2.188
39.621,2,0.0,2.188
39.718,2,0.0,2.213
39.773,2,0.0,2.201
39.932,2,0.0,2.202
40.144,2,0.0,2.214
40.255,2,0.0,2.222
40.406,2,0.0,2.225
40.518,2,0.0,2.188
40.573,2,0.0,2.181
40.694,2,0.0,2.208
40.836,2,0.0,2.21
40.951,2,0.0,2.21
41.147,2,0.0,2.198
41.212,2,0.0,2.173
41.373,2,0.0,2.173
41.476,2,0.0,2.173
41.595,2,0.0,2.213
41.786,2,0.0,2.206
41.894,2,0.0,2.206
42.011,2,0.0,2.198
42.243,2,0.0,2.194
42.356,2,0.0,2.194
42.475,2,0.0,2.188
42.655,2,0.0,2.178
42.84,2,0.0,2.178
42.968,2,0.0,2.211
43.304,2,0.0,2.179
43.459,2,0.0,2.19
43.513,2,0.0,2.208
43.711,2,0.0,2.179
43.84,2,0.0,2.179
43.995,2,0.0,2.19
44.053,2,0.0,2.197
44.114,2,0.0,2.197
44.487,2,0.0,2.184
44.598,2,0.0,2.191
44.791,2,0.0,2.191
44.989,2,0.0,2.18
45.046,2,0.0,2.209
45.104,2,0.0,2.209
45.402,2,0.0,2.196
45.52,2,0.0,2.215
45.632,2,0.0,2.192
45.763,2,0.0,2.198
45.823,2,0.0,2.215
45.936,2,0.0,2.212
46.127,2,0.0,2.188
46.596,2,0.0,2.212
46.723,2,0.0,2.212
46.81,2,0.0,2.212
46.929,2,0.0,2.204
47.043,2,0.0,2.203
47.106,2,0.0,2.203
47.337,2,0.0,2.203
47.447,2,0.0,2.179
47.603,2,0.0,2.182
47.668,2,0.0,2.169
47.773,2,0.0,2.169
47.889,2,0.0,2.203
47.947,2,0.0,2.218
48.091,2,0.0,2.218
48.18,2,0.0,2.218
48.273,2,0.0,2.208
48.431,2,0.0,2.193
48.579,2,0.0,2.192
48.754,2,0.0,2.192
48.869,2,0.0,2.216
48.934,2,0.0,2.216
48.993,2,0.0,2.182
49.092,2,0.0,2.182
49.203,2,0.0,2.182
49.299,2,0.0,2.187
49.416,2,0.0,2.205
49.481,2,0.0,2.211
49.589,2,0.0,2.215
49.688,2,0.0,2.216
49.79,2,0.0,2.207
49.924,2,0.0,2.195
49.984,2,0.0,2.199
50.095,2,0.0,2.205
50.203,2,0.0,2.205
50.335,2,0.0,2.189
50.456,2,0.0,2.189
50.516,2,0.0,2.209
50.66,2,0.0,2.203
50.82,2,0.0,2.192
50.949,2,0.0,2.192
51.049,2,0.0,2.175
51.258,2,0.0,2.201
51.387,2,0.0,2.192
51.619,2,0.0,2.193
51.752,2,0.0,2.206
51.886,2,0.0,2.188
51.987,2,0.0,2.188
52.14,2,0.0,2.188
52.253,2,0.0,2.187
52.469,2,0.0,2.188
52.586,2,0.0,2.183
52.699,2,0.0,2.205
52.928,2,0.0,2.185
53.095,2,0.0,2.219
53.151,2,0.0,2.204
53.268,2,0.0,2.215
53.393,2,0.0,2.215
53.555,2,0.0,2.188
53.668,2,0.0,2.207
53.786,2,0.0,2.207
54.02,2,0.0,2.19
54.129,2,0.0,2.185
54.223,2,0.0,2.185
54.371,2,0.0,2.198
54.435,2,0.0,2.198
54.558,2,0.0,2.213
54.668,2,0.0,2.213
54.769,2,0.0,2.213
54.986,2,0.0,2.179
55.113,2,0.0,2.179
55.297,2,0.0,2.179
55.408,2,0.0,2.192
55.524,2,0.0,2.178
55.731,2,0.0,2.178
55.854,2,0.0,2.186
56.11,2,0.0,2.186
56.215,2,0.0,2.193
56.326,2,0.0,2.193
56.47,2,0.0,2.193
56.578,2,0.0,2.193
56.677,2,0.0,2.194
56.737,2,0.0,2.194
56.848,2,0.0,2.212
56.994,2,0.0,2.199
57.077,2,0.0,2.199
57.138,2,0.0,2.197
57.25,2,0.0,2.208
57.339,2,0.0,2.199
57.512,2,0.0,2.224
57.642,2,0.0,2.184
57.774,2,0.0,2.184
57.869,2,0.0,2.188
58.069,3,0.0,2.192
58.187,2,0.0,2.185
58.342,2,0.0,2.185
58.426,2,0.0,2.185
58.481,2,0.0,2.198
58.591,2,0.0,2.192
58.721,2,0.0,2.192
58.821,2,0.0,2.192
58.945,2,0.0,2.21
59.065,2,0.0,2.205
59.128,2,0.0,2.182
59.319,2,0.0,2.182
59.466,2,0.0,2.198
59.519,2,0.0,2.198
59.729,2,0.0,2.196
59.874,2,0.0,2.188
59.984,2,0.0,2.201
60.412,2,0.0,2.215
60.533,2,0.0,2.18
60.7,2,0.0,2.188
60.776,2,0.0,2.188
60.849,2,0.0,2.188
60.968,2,0.0,2.189
61.185,2,0.0,2.195
61.312,2,0.0,2.195
61.436,2,0.0,2.182
61.492,2,0.0,2.182
61.602,2,0.0,2.191
61.761,2,0.0,2.176
61.816,2,0.0,2.191
61.932,2,0.0,2.217
62.041,2,0.0,2.217
62.296,2,0.0,2.196
62.41,2,0.0,2.186
62.526,2,0.0,2.186
62.66,2,0.0,2.186
62.734,2,0.0,2.189
62.847,2,0.0,2.19
63.007,2,0.0,2.19
63.127,2,0.0,2.204
63.304,2,0.0,2.199
63.375,2,0.0,2.212
63.476,2,0.0,2.216
63.569,2,0.0,2.216
63.627,2,0.0,2.2
63.738,2,0.0,2.194
63.945,2,0.0,2.202
64.095,2,0.0,2.191
64.156,2,0.0,2.191
64.585,2,0.0,2.212
64.694,2,0.0,2.213
64.805,2,0.0,2.213
64.911,2,0.0,2.2
65.04,2,0.0,2.211
65.095,2,0.0,2.194
65.479,2,0.0,2.172
65.596,2,0.0,2.165
65.724,2,0.0,2.173
65.881,2,0.0,2.173
66.026,2,0.0,2.185
66.136,2,0.0,2.201
66.202,2,0.0,2.19
66.546,2,0.0,2.191
66.663,2,0.0,2.182
66.825,2,0.0,2.182
66.936,2,0.0,2.175
66.991,2,0.0,2.193
67.051,2,0.0,2.193
67.296,2,0.0,2.205
67.487,2,0.0,2.208
67.541,2,0.0,2.201
67.665,2,0.0,2.201
67.768,2,0.0,2.201
67.872,2,0.0,2.201
67.961,2,0.0,2.192
68.016,2,0.0,2.194
68.1,2,0.0,2.194
68.214,2,0.0,2.21
68.589,3,0.0,2.169
68.704,2,0.0,2.188
68.887,2,0.0,2.202
69.014,2,0.0,2.216
69.13,2,0.0,2.215
69.322,2,0.0,2.215
69.53,2,0.0,2.209
69.687,2,0.0,2.182
69.778,2,0.0,2.182
69.925,2,0.0,2.211
69.981,2,0.0,2.217
70.037,2,0.0,2.209
70.202,2,0.0,2.183
70.287,2,0.0,2.183
70.377,2,0.0,2.191
70.436,2,0.0,2.184
70.552,2,0.0,2.194
70.938,2,0.0,2.188
71.115,2,0.0,2.19
71.229,2,0.0,2.175
71.327,2,0.0,2.175
71.394,2,0.0,2.22
71.463,2,0.0,2.22
71.618,2,0.0,2.209
71.959,2,0.0,2.199
72.132,3,0.0,2.184
72.222,3,0.0,2.184
72.279,2,0.0,2.212
72.399,2,0.0,2.199
72.664,2,0.0,2.195
72.84,2,0.0,2.192
73.02,2,0.0,2.192
73.146,2,0.0,2.192
73.271,2,0.0,2.195
73.434,2,0.0,2.195
73.585,2,0.0,2.201
73.642,2,0.0,2.186
74.003,2,0.0,2.185
74.121,2,0.0,2.2
74.278,2,0.0,2.2
74.397,2,0.0,2.2
74.516,2,0.0,2.204
74.722,2,0.0,2.195
75.033,2,0.0,2.178
75.152,2,0.0,2.187
75.328,2,0.0,2.198
75.385,2,0.0,2.21
75.441,2,0.0,2.21
75.558,2,0.0,2.213
75.701,2,0.0,2.195
76.022,2,0.0,2.176
76.149,2,0.0,2.173
76.256,2,0.0,2.174
76.367,2,0.0,2.186
76.426,2,0.0,2.186
76.539,2,0.0,2.202
76.638,2,0.0,2.202
76.723,2,0.0,2.202
76.9,2,0.0,2.207
76.956,2,0.0,2.178
77.118,2,0.0,2.178
77.224,3,0.0,2.182
77.337,2,0.0,2.191
77.5,2,0.0,2.191
77.572,2,0.0,2.194
77.671,2,0.0,2.188
77.727,2,0.0,2.188
77.952,2,0.0,2.201
78.122,2,0.0,2.201
78.178,2,0.0,2.182
78.305,2,0.0,2.188
78.401,2,0.0,2.188
78.463,2,0.0,2.181
78.584,2,0.0,2.181
78.702,2,0.0,2.18
78.757,2,0.0,2.197
78.886,2,0.0,2.197
79.132,2,0.0,2.201
79.294,2,0.0,2.197
79.35,2,0.0,2.178
79.439,2,0.0,2.178
79.549,2,0.0,2.204
79.828,2,0.0,2.198
80.165,2,0.0,2.187
80.37,2,0.0,2.187
80.49,2,0.0,2.197
80.598,2,0.0,2.2
80.708,2,0.0,2.195
80.832,2,0.0,2.195
80.958,2,0.0,2.19
81.111,2,0.0,2.2
81.225,2,0.0,2.2
81.391,2,0.0,2.191
81.453,2,0.0,2.199
81.514,2,0.0,2.194
81.691,2,0.0,2.194
81.848,2,0.0,2.182
82.285,2,0.0,2.2
82.442,2,0.0,2.19
82.497,2,0.0,2.184
82.671,2,0.0,2.184
82.786,2,0.0,2.185
82.921,2,0.0,2.183
83.03,2,0.0,2.194
83.087,2,0.0,2.194
83.264,2,0.0,2.197
83.518,3,0.0,2.172
83.735,3,0.0,2.172
83.84,3,0.0,2.172
83.955,3,0.0,2.185
84.147,2,0.0,2.193
84.265,2,0.0,2.211
84.47,2,0.0,2.193
84.732,2,0.0,2.189
84.858,2,0.0,2.191
85.023,2,0.0,2.187
85.141,2,0.0,2.187
85.315,3,0.0,2.181
85.378,3,0.0,2.183
85.705,3,0.0,2.202
85.823,3,0.0,2.198
85.912,3,0.0,2.198
86.073,2,0.0,2.197
86.134,2,0.0,2.199
86.252,2,0.0,2.204
86.408,2,0.0,2.204
86.595,2,0.0,2.201
86.65,2,0.0,2.195
86.71,2,0.0,2.195
86.824,2,0.0,2.195
86.97,2,0.0,2.197
87.029,2,0.0,2.196
87.142,2,0.0,2.204
87.265,2,0.0,2.204
87.349,2,0.0,2.204
87.46,2,0.0,2.202
87.696,2,0.0,2.21
87.886,2,0.0,2.205
87.939,2,0.0,2.196
88.051,2,0.0,2.17
88.202,2,0.0,2.17
88.395,2,0.0,2.172
88.476,2,0.0,2.172
88.638,2,0.0,2.172
88.775,2,0.0,2.172
88.881,2,0.0,2.18
88.986,2,0.0,2.191
89.04,2,0.0,2.191
89.152,2,0.0,2.201
89.257,2,0.0,2.201
89.368,2,0.0,2.201
89.478,2,0.0,2.184
89.848,2,0.0,2.199
89.985,2,0.0,2.212
90.182,2,0.0,2.206
90.331,2,0.0,2.208
90.39,2,0.0,2.208
90.536,3,0.0,2.198
90.794,3,0.0,2.191
90.915,3,0.0,2.182
91.023,3,0.0,2.186
91.207,3,0.0,2.191
91.318,3,0.0,2.209
91.436,3,0.0,2.203
91.549,2,0.0,2.197
91.656,2,0.0,2.197
91.948,2,0.0,2.223
92.191,2,0.0,2.213
92.337,2,0.0,2.186
92.393,2,0.0,2.186
92.537,2,0.0,2.181
92.61,2,0.0,2.201
92.727,2,0.0,2.188
92.938,2,0.0,2.207
93.054,2,0.0,2.198
93.188,2,0.0,2.198
93.347,2,0.0,2.198
93.477,2,0.0,2.197
93.638,2,0.0,2.185
93.747,2,0.0,2.185
93.883,2,0.0,2.188
94.058,2,0.0,2.197
94.168,2,0.0,2.197
94.234,2,0.0,2.189
94.311,2,0.0,2.181
94.475,2,0.0,2.166
94.58,2,0.0,2.166
94.697,2,0.0,2.181
94.814,2,0.0,2.175
95.159,2,0.0,2.214
95.268,2,0.0,2.186
95.391,2,0.0,2.177
95.496,2,0.0,2.177
95.614,2,0.0,2.181
95.672,2,0.0,2.181
95.799,2,0.0,2.186
95.932,2,0.0,2.186
96.129,2,0.0,2.189
96.25,2,0.0,2.172
96.39,2,0.0,2.172
96.482,2,0.0,2.17
96.546,2,0.0,2.183
96.657,2,0.0,2.192
96.763,2,0.0,2.192
96.846,2,0.0,2.192
96.982,3,0.0,2.177
97.12,2,0.0,2.184
97.279,2,0.0,2.186
97.526,2,0.0,2.18
97.69,2,0.0,2.203
97.748,2,0.0,2.203
97.94,2,0.0,2.187
98.226,2,0.0,2.184
98.339,2,0.0,2.185
98.449,2,0.0,2.185
98.564,2,0.0,2.2
98.674,2,0.0,2.181
98.759,2,0.0,2.181
98.873,2,0.0,2.217
99.0,2,0.0,2.202
99.056,2,0.0,2.198
99.468,2,0.0,2.165
99.576,2,0.0,2.183
99.763,2,0.0,2.173
99.822,3,0.0,2.167
99.928,3,0.0,2.167
99.988,3,0.0,2.187
100.481,3,0.0,2.22
100.71,3,0.0,2.183
100.836,3,0.0,2.183
100.95,2,0.0,2.209
101.15,3,0.0,2.185
101.368,2,0.0,2.222
101.484,3,0.0,2.2
101.614,2,0.0,2.191
101.79,2,0.0,2.191
101.939,2,0.0,2.192
101.995,2,0.0,2.184
102.115,2,0.0,2.187
102.26,2,0.0,2.187
102.473,2,0.0,2.184
102.738,2,0.0,2.192
102.881,2,0.0,2.182
103.007,2,0.0,2.185
103.297,2,0.0,2.204
103.659,2,0.0,2.214
103.782,2,0.0,2.18
103.901,2,0.0,2.182
104.055,2,0.0,2.182
104.146,2,0.0,2.162
104.203,2,0.0,2.187
104.259,2,0.0,2.202
104.428,2,0.0,2.206
104.666,2,0.0,2.185
104.855,2,0.0,2.205
104.943,2,0.0,2.205
105.033,2,0.0,2.205
105.095,2,0.0,2.183
105.217,2,0.0,2.199
105.275,2,0.0,2.199
105.412,2,0.0,2.199
105.487,2,0.0,2.199
105.589,2,0.0,2.204
105.702,2,0.0,2.222
105.789,2,0.0,2.222
105.98,2,0.0,2.207
106.106,2,0.0,2.207
106.221,2,0.0,2.209
106.4,2,0.0,2.209
106.681,2,0.0,2.197
106.793,2,0.0,2.178
106.925,2,0.0,2.194
107.043,2,0.0,2.199
107.144,2,0.0,2.199
107.199,2,0.0,2.193
107.286,2,0.0,2.193
107.398,2,0.0,2.185
107.511,2,0.0,2.182
107.634,2,0.0,2.182
107.946,2,0.0,2.175
108.119,2,0.0,2.175
108.243,2,0.0,2.181
108.367,2,0.0,2.177
108.527,2,0.0,2.199
108.583,2,0.0,2.196
108.696,2,0.0,2.19
109.139,2,0.0,2.187
109.252,2,0.0,2.195
109.543,2,0.0,2.202
109.696,2,0.0,2.202
109.908,2,0.0,2.212
110.064,2,0.0,2.192
110.118,2,0.0,2.197
110.232,2,0.0,2.211
110.357,2,0.0,2.211
110.54,2,0.0,2.215
110.659,2,0.0,2.183
111.031,2,0.0,2.187
111.151,2,0.0,2.211
111.411,2,0.0,2.211
111.542,2,0.0,2.199
111.721,2,0.0,2.177
111.963,2,0.0,2.191
112.075,2,0.0,2.203
112.196,2,0.0,2.213
112.286,2,0.0,2.213
112.408,2,0.0,2.204
112.465,2,0.0,2.204
112.639,2,0.0,2.187
112.746,2,0.0,2.187
112.811,2,0.0,2.203
113.125,2,0.0,2.223
113.242,2,0.0,2.211
113.385,2,0.0,2.195
113.53,2,0.0,2.195
113.647,2,0.0,2.205
113.845,2,0.0,2.221
114.126,2,0.0,2.213
114.245,2,0.0,2.193
114.351,2,0.0,2.214
114.482,2,0.0,2.214
114.536,2,0.0,2.205
114.648,2,0.0,2.212
114.754,2,0.0,2.212
114.862,2,0.0,2.212
114.953,2,0.0,2.197
115.081,2,0.0,2.197
115.206,2,0.0,2.197
115.338,2,0.0,2.19
115.459,2,0.0,2.198
115.56,2,0.0,2.198
115.679,2,0.0,2.211
115.792,2,0.0,2.209
115.943,2,0.0,2.209
116.124,2,0.0,2.197
116.178,2,0.0,2.197
116.292,2,0.0,2.199
116.41,2,0.0,2.203
116.467,2,0.0,2.188
116.591,2,0.0,2.202
116.798,2,0.0,2.202
116.952,2,0.0,2.197
117.011,2,0.0,2.197
117.341,2,0.0,2.18
117.45,2,0.0,2.187
117.776,2,0.0,2.188
117.883,2,0.0,2.188
118.045,2,0.0,2.187
118.279,2,0.0,2.183
118.391,2,0.0,2.199
118.663,2,0.0,2.204
118.777,2,0.0,2.201
118.89,3,0.0,2.2
118.977,3,0.0,2.2
119.253,2,0.0,2.202
119.409,2,0.0,2.206
119.48,2,0.0,2.206
119.591,2,0.0,2.206
119.708,2,0.0,2.21
119.784,2,0.0,2.207
119.881,2,0.0,2.206
120.046,2,0.0,2.205
